0,126.16352,126.164,11,51
594.81732,740.05302,145.236,11,51
818.23698,930.48924,112.252,11,51
1413.66984,1528.71838,115.049,11,51
1617.65166,1739.93643,122.285,11,51
2220.16044,2337.02154,116.861,11,51
2397.20575,2572.39633,175.191,11,51
3024.12675,3455.01316,430.886,11,51
3830.51875,4281.48397,450.965,11,51
4648.06296,5090.06079,441.998,11,51
5515.98004,5738.66556,222.686,11,51
5762.92732,5894.2664,131.339,11,51
6369.6372,6502.0367,132.399,11,51
6586.9984,6699.30805,112.31,11,51
7183.12626,7295.67107,112.545,11,51
7381.4886,7512.05571,130.567,11,51
7988.34183,8115.66318,127.321,11,51
8149.0208,8361.86183,212.841,11,51
44.2578,161.65943,117.402,11,52
643.96696,757.2679,113.301,11,52
829.72627,984.85703,155.131,11,52
1448.06103,1865.82061,417.76,11,52
2253.38868,2702.73711,449.348,11,52
3066.80609,3513.58395,446.778,11,52
3916.6143,4318.27365,401.659,11,52
4788.13839,4931.12286,142.984,11,52
5010.56386,5122.68078,112.117,11,52
5606.02767,5720.57096,114.543,11,52
5809.2077,5932.54525,123.338,11,52
6412.29115,6530.1259,117.835,11,52
6587.47161,6767.11034,179.639,11,52
7216.26107,7648.94441,432.683,11,52
8022.88109,8473.98788,451.107,11,52
0,270.33544,270.335,11,53
676.65739,1122.84159,446.184,11,53
1487.1122,1936.79946,449.687,11,53
2322.13801,2742.26572,420.128,11,53
3204.01825,3361.73202,157.714,11,53
3432.65577,3546.32397,113.668,11,53
4028.37824,4146.41178,118.034,11,53
4235.9745,4354.11372,118.139,11,53
4836.12491,4949.85854,113.734,11,53
5020.52289,5178.66935,158.146,11,53
5640.17786,6060.67554,420.498,11,53
6445.66741,6895.40639,449.739,11,53
7259.71541,7705.79939,446.084,11,53
8112.66714,8510.38345,397.716,11,53
327.00215,415.97743,88.975,11,54
483.9118,580.88804,96.976,11,54
1113.72919,1218.33565,104.606,11,54
1237.72844,1366.58955,128.861,11,54
1509.86833,1614.9566,105.088,11,54
1900.92264,2150.25614,249.334,11,54
2222.09555,2407.71855,185.623,11,54
2688.90559,2915.25178,226.346,11,54
2956.06416,3196.62288,240.559,11,54
3478.69,3636.71779,158.028,11,54
3733.03442,3984.25424,251.22,11,54
4275.83105,4343.60764,67.777,11,54
4517.84726,4629.00226,111.155,11,54
4678.0765,4771.26043,93.184,11,54
5303.82884,5396.27436,92.446,11,54
5468.00266,5557.85615,89.853,11,54
6090.28497,6179.98257,89.698,11,54
6242.2293,6344.0462,101.817,11,54
6877.13138,7129.48157,252.35,11,54
7251.88678,7380.67247,128.786,11,54
7664.50049,7911.55568,247.055,11,54
7967.14795,8171.82017,204.672,11,54
8452.82838,8640,187.172,11,54
78.49825,217.72499,139.227,11,56
335.13579,473.99171,138.856,11,56
903.42749,1042.57226,139.145,11,56
1160.36415,1298.67223,138.308,11,56
1728.40559,1867.04551,138.64,11,56
1985.3398,2123.33095,137.991,11,56
2553.2993,2691.42179,138.122,11,56
2809.93541,2948.09386,138.158,11,56
3378.0446,3516.05132,138.007,11,56
3634.32848,3773.00404,138.676,11,56
4202.69789,4341.08868,138.391,11,56
4458.85484,4597.98458,139.13,11,56
5027.38922,5166.35906,138.97,11,56
5283.75031,5422.90036,139.15,11,56
5852.21882,5991.48829,139.269,11,56
6108.95426,6247.6693,138.715,11,56
6677.17588,6816.22025,139.044,11,56
6934.1466,7072.32873,138.182,11,56
7502.14492,7640.62762,138.483,11,56
7759.01862,7897.0037,137.985,11,56
8327.00013,8465.038,138.038,11,56
8583.52766,8640,56.472,11,56
0,25.69581,25.696,11,55
95.36361,182.67524,87.312,11,55
423.075,449.20554,26.131,11,55
722.70971,810.66461,87.955,11,55
864.28048,964.56156,100.281,11,55
1144.28164,1237.31628,93.035,11,55
1507.03408,1742.67135,235.637,11,55
1871.32839,2022.93625,151.608,11,55
2291.77693,2510.7053,218.928,11,55
2608.57083,2808.13779,199.567,11,55
3076.8095,3259.05749,182.248,11,55
3365.50462,3593.06343,227.559,11,55
3862.12976,3991.06617,128.936,11,55
4138.76532,4266.28488,127.52,11,55
4269.55467,4377.65862,108.104,11,55
4648.09195,4715.97111,67.879,11,55
4918.82701,5012.08775,93.261,11,55
5076.07895,5161.73869,85.66,11,55
5701.49563,5787.14241,85.647,11,55
5855.4207,5944.88278,89.462,11,55
6167.5303,6213.86119,46.331,11,55
6485.33425,6577.10036,91.766,11,55
6618.71088,6726.05306,107.342,11,55
6890.84184,7000.45215,109.61,11,55
7269.78578,7502.30596,232.52,11,55
7619.8331,7785.90032,166.067,11,55
8054.6073,8265.73582,211.129,11,55
8361.70103,8571.0147,209.314,11,55
0,42.46812,42.468,12,51
444.87427,847.17638,402.302,12,51
1316.844,1460.19642,143.352,12,51
1539.43341,1651.56926,112.136,12,51
2134.89006,2249.51472,114.625,12,51
2338.20512,2461.36216,123.157,12,51
2941.19055,3058.85292,117.662,12,51
3116.69246,3295.56319,178.871,12,51
3745.15939,4177.55104,432.392,12,51
4551.74034,5002.82628,451.086,12,51
5370.02333,5811.12431,441.101,12,51
6240.35142,6455.96639,215.615,12,51
6486.91487,6615.28132,128.366,12,51
7091.29994,7222.40555,131.106,12,51
7307.97618,7420.44308,112.467,12,51
7904.26487,8016.63868,112.374,12,51
8101.8678,8233.70339,131.836,12,51
0,75.21919,75.219,12,52
557.22164,675.38236,118.161,12,52
764.94499,882.9572,118.012,12,52
1365.01998,1478.67614,113.656,12,52
1549.65035,1707.2783,157.628,12,52
2169.07925,2589.13234,420.053,12,52
2974.54087,3424.21777,449.677,12,52
3788.48082,4234.68511,446.204,12,52
4640.89817,5039.28616,398.388,12,52
5510.09785,5651.30522,141.207,12,52
5731.72275,5843.76778,112.045,12,52
6327.23364,6441.39146,114.158,12,52
6529.73666,6653.99855,124.262,12,52
7133.31826,7252.07166,118.753,12,52
7306.84045,7490.4454,183.605,12,52
7937.29704,8371.37846,434.081,12,52
0,123.17438,123.174,12,53
593.07162,994.62313,401.552,12,53
1397.75823,1844.51747,446.759,12,53
2208.59199,2657.95207,449.36,12,53
3045.44523,3463.28398,417.839,12,53
3926.44236,4081.65455,155.212,12,53
4154.06554,4267.37689,113.311,12,53
4749.67657,4867.09825,117.422,12,53
4956.63833,5075.43112,118.793,12,53
5557.17306,5671.32382,114.151,12,53
5740.3879,5901.19814,160.81,12,53
6361.19801,6783.826,422.628,12,53
7166.83047,7616.85924,450.029,12,53
7981.43277,8426.89295,445.46,12,53
261.05884,356.1999,95.141,12,54
425.91438,514.99673,89.082,12,54
1047.41078,1136.40849,88.998,12,54
1203.77974,1301.28474,97.505,12,54
1834.15232,1941.82708,107.675,12,54
1954.40672,2086.95741,132.551,12,54
2227.56105,2335.72636,108.165,12,54
2621.36634,2870.47488,249.109,12,54
2940.16337,3128.24209,188.079,12,54
3409.38837,3633.97613,224.588,12,54
3675.65059,3917.08343,241.433,12,54
4199.27613,4354.653,155.377,12,54
4453.33378,4704.68791,251.354,12,54
4997.09836,5060.80097,63.703,12,54
5238.22245,5348.31425,110.092,12,54
5398.99267,5491.67901,92.686,12,54
6024.22708,6116.35339,92.126,12,54
6188.23745,6278.26324,90.026,12,54
6810.6976,6900.58138,89.884,12,54
6961.90788,7064.43827,102.53,12,54
7597.55947,7849.8336,252.274,12,54
7969.70425,8101.32857,131.624,12,54
8384.95253,8631.6241,246.672,12,54
0,114.25438,114.254,12,56
231.71267,370.8967,139.184,12,56
800.21268,939.4469,139.234,12,56
1056.86275,1195.70196,138.839,12,56
1625.14581,1764.27986,139.134,12,56
1882.08803,2020.37929,138.291,12,56
2450.12337,2588.74372,138.62,12,56
2707.05126,2845.03963,137.988,12,56
3275.01254,3413.1227,138.11,12,56
3531.63523,3669.80748,138.172,12,56
4099.75304,4237.76515,138.012,12,56
4356.02661,4494.72199,138.695,12,56
4924.40512,5062.81533,138.41,12,56
5180.56272,5319.70281,139.14,12,56
5749.09981,5888.08783,138.988,12,56
6005.47168,6144.61449,139.143,12,56
6573.93469,6713.20664,139.272,12,56
6830.68187,6969.37832,138.696,12,56
7398.89465,7537.92432,139.03,12,56
7655.86791,7794.03575,138.168,12,56
8223.86181,8362.32501,138.463,12,56
8480.72639,8618.71349,137.987,12,56
32.8748,119.52483,86.65,12,55
396.80375,405.64878,8.845,12,55
659.39896,745.82683,86.428,12,55
815.42323,902.95791,87.535,12,55
1141.00334,1169.91182,28.908,12,55
1443.03535,1531.33367,88.298,12,55
1583.7353,1684.76371,101.028,12,55
1862.58216,1957.7136,95.131,12,55
2227.37671,2462.66822,235.292,12,55
2589.84812,2743.30856,153.46,12,55
3012.12979,3230.17293,218.043,12,55
3327.62289,3528.49867,200.876,12,55
3797.17026,3977.81671,180.646,12,55
4085.26698,4313.41379,228.147,12,55
4582.5007,4709.46881,126.968,12,55
4858.88477,4980.7429,121.858,12,55
4995.14459,5097.99449,102.85,12,55
5368.50279,5434.2173,65.715,12,55
5639.07734,5731.876,92.799,12,55
5796.46145,5882.0508,85.589,12,55
6421.80025,6507.38802,85.588,12,55
6575.35803,6665.14944,89.791,12,55
6885.68775,6934.34886,48.661,12,55
7205.66518,7298.13531,92.47,12,55
7337.76247,7446.21742,108.455,12,55
7609.18804,7720.83827,111.65,12,55
7990.1314,8222.20045,232.069,12,55
8338.45702,8506.26866,167.812,12,55
317.2477,763.57049,446.323,13,51
1169.13369,1568.18888,399.055,13,51
2038.81446,2180.3724,141.558,13,51
2260.59842,2372.65505,112.057,13,51
2856.09835,2970.33111,114.233,13,51
3058.73822,3182.81071,124.072,13,51
3662.2182,3780.77827,118.56,13,51
3836.08248,4018.86933,182.787,13,51
4466.19475,4900.00181,433.807,13,51
5272.97394,5724.15176,451.178,13,51
6092.03656,6532.18336,440.147,13,51
6964.60922,7173.95488,209.346,13,51
7210.219,7336.29749,126.078,13,51
7812.92827,7942.79824,129.87,13,51
8028.93054,8141.58656,112.656,13,51
8625.39525,8640,14.605,13,51
455.0681,610.77263,155.705,13,52
682.89197,796.27115,113.379,13,52
1278.52309,1396.06498,117.542,13,52
1485.61272,1604.27121,118.658,13,52
2086.06898,2200.13139,114.062,13,52
2269.52562,2429.7884,160.263,13,52
2890.09905,3312.30914,422.21,13,52
3695.70215,4145.67511,449.973,13,52
4510.19077,4955.7798,445.589,13,52
5365.28932,5760.2985,395.009,13,52
6232.00537,6371.51834,139.513,13,52
6452.85185,6564.86089,112.009,13,52
7048.42834,7162.23245,113.804,13,52
7250.24487,7375.47614,125.231,13,52
7854.34309,7974.12956,119.786,13,52
8026.09438,8213.92774,187.833,13,52
0,26.52832,26.528,13,53
509.74344,621.96549,112.222,13,53
700.40177,845.18746,144.786,13,53
1314.08432,1718.78384,404.7,13,53
2118.86569,2566.16004,447.294,13,53
2930.09637,3379.09596,449,13,53
3768.8939,4184.3009,415.407,13,53
4648.78363,4801.62253,152.839,13,53
4875.43137,4988.434,113.003,13,53
5470.95939,5587.8043,116.845,13,53
5677.28284,5796.76574,119.483,13,53
6278.21752,6392.84089,114.623,13,53
6460.19924,6623.82374,163.624,13,53
7082.21993,7506.85012,424.63,13,53
7888.00298,8338.28996,450.287,13,53
0,39.12917,39.129,13,54
195.62512,314.5622,118.937,13,54
351.26285,448.74033,97.477,13,54
981.45258,1076.15732,94.705,13,54
1146.26124,1235.40626,89.145,13,54
1767.81985,1856.85826,89.038,13,54
1923.62679,2021.68091,98.054,13,54
2554.57605,2807.32368,252.748,13,54
2945.27316,3056.47776,111.205,13,54
3341.81109,3590.68055,248.869,13,54
3658.24664,3848.76231,190.516,13,54
4129.87319,4352.63446,222.761,13,54
4395.3022,4637.54277,242.241,13,54
4919.86878,5072.57701,152.708,13,54
5173.63844,5425.12109,251.483,13,54
5718.46012,5777.89909,59.439,13,54
5958.59888,6067.67627,109.077,13,54
6119.86382,6212.09727,92.233,13,54
6744.62592,6836.44886,91.823,13,54
6908.4566,6998.66989,90.213,13,54
7531.11074,7621.20516,90.094,13,54
7681.55815,7784.82982,103.272,13,54
7994.04784,8011.84395,17.796,13,54
8317.98815,8570.18308,252.195,13,54
0,10.73617,10.736,13,56
128.61701,267.67417,139.057,13,56
697.12914,835.98385,138.855,13,56
953.43108,1092.612,139.181,13,56
1521.9273,1661.16847,139.241,13,56
1778.58985,1917.41205,138.822,13,56
2346.86421,2485.98704,139.123,13,56
2603.81173,2742.08648,138.275,13,56
3171.84105,3310.44165,138.601,13,56
3428.76231,3566.74838,137.986,13,56
3996.7256,4134.82391,138.098,13,56
4253.33493,4391.52122,138.186,13,56
4821.46136,4959.47936,138.018,13,56
5077.72502,5216.44004,138.715,13,56
5646.11238,5784.54224,138.43,13,56
5902.27099,6041.42096,139.15,13,56
6470.81057,6609.81651,139.006,13,56
6727.19349,6866.32843,139.135,13,56
7295.65072,7434.92451,139.274,13,56
7552.4095,7691.08719,138.678,13,56
8120.61344,8259.62788,139.014,13,56
8377.58873,8515.74271,138.154,13,56
0,55.63057,55.631,13,55
325.68228,406.3919,80.71,13,55
597.38451,693.80115,96.417,13,55
753.39381,839.84407,86.45,13,55
1379.69443,1465.97204,86.278,13,55
1535.46823,1623.23876,87.771,13,55
1858.98588,1890.56491,31.579,13,55
2163.36172,2252.03483,88.673,13,55
2303.15384,2404.96165,101.808,13,55
2580.8881,2678.10919,97.221,13,55
2947.7197,3182.65372,234.934,13,55
3308.37942,3463.68034,155.301,13,55
3732.48301,3949.61565,217.133,13,55
4046.69984,4248.85924,202.159,13,55
4517.53116,4696.55775,179.027,13,55
4805.04784,5033.76359,228.716,13,55
5302.87207,5427.86453,124.992,13,55
5579.01106,5697.97014,118.959,13,55
5717.97118,5818.32978,100.359,13,55
6088.91689,6152.45817,63.541,13,55
6359.33036,6451.68356,92.353,13,55
6516.82677,6602.36187,85.535,13,55
7142.10605,7227.6484,85.542,13,55
7295.27916,7385.41376,90.135,13,55
7603.85799,7654.82548,50.967,13,55
7925.9968,8019.24685,93.25,13,55
8056.73226,8166.37646,109.644,13,55
8327.5403,8441.22332,113.683,13,55
224.57428,674.49022,449.916,14,51
1038.9503,1484.66648,445.716,14,51
1893.50519,2289.20124,395.696,14,51
2760.73207,2900.57943,139.847,14,51
2981.73338,3093.74689,112.014,14,51
3577.29526,3691.16805,113.873,14,51
3779.25071,3904.28329,125.033,14,51
4383.24347,4502.81212,119.569,14,51
4555.36102,4742.32159,186.961,14,51
5187.23333,5622.37153,435.138,14,51
5994.22029,6445.46111,451.241,14,51
6814.10617,7253.23822,439.132,14,51
7688.73366,7892.35939,203.626,14,51
7933.11154,8057.31483,124.203,14,51
8534.52433,8640,105.476,14,51
297.29522,713.20291,415.908,14,52
1177.42553,1330.73173,153.306,14,52
1404.26643,1517.32737,113.061,14,52
1999.80895,2116.76702,116.958,14,52
2206.26107,2325.60228,119.341,14,52
2807.11409,2921.63773,114.524,14,52
2989.34811,3152.39394,163.046,14,52
3611.12058,4035.35798,424.237,14,52
4416.87271,4867.11029,450.238,14,52
5231.93799,5676.86861,444.931,14,52
6089.76111,6481.31086,391.55,14,52
6953.8642,7091.76088,137.897,14,52
7173.95235,7285.96042,112.008,14,52
7769.61226,7883.09426,113.482,14,52
7970.732,8096.97925,126.247,14,52
8575.36584,8640,64.634,14,52
421.62568,543.27121,121.646,14,53
632.36346,747.758,115.395,14,53
1230.81934,1343.18723,112.368,14,53
1420.51906,1567.25978,146.741,14,53
2035.09761,2442.80381,407.706,14,53
2839.98007,3287.7709,447.791,14,53
3651.62651,4100.23179,448.605,14,53
4492.48949,4905.31661,412.827,14,53
5371.04768,5521.63296,150.585,14,53
5596.75632,5709.49567,112.739,14,53
6192.22743,6308.52971,116.302,14,53
6397.90775,6518.11837,120.211,14,53
6999.25847,7114.41436,115.156,14,53
7179.95213,7346.55323,166.601,14,53
7803.2438,8229.75552,426.512,14,53
8609.18533,8640,30.815,14,53
0,46.86772,46.868,14,54
131.63468,382.07633,250.442,14,54
670.46137,756.65963,86.198,14,54
915.99174,1033.41443,117.423,14,54
1072.60514,1169.16133,96.556,14,54
1701.84706,1796.13301,94.286,14,54
1866.59169,1955.81544,89.224,14,54
2488.22935,2577.32715,89.098,14,54
2643.4523,2742.07653,98.624,14,54
3275.00039,3527.6882,252.688,14,54
3663.00333,3777.21231,114.209,14,54
4062.2567,4310.87177,248.615,14,54
4376.34663,4569.27935,192.933,14,54
4850.36009,5071.23129,220.871,14,54
5115.0145,5358.0009,242.986,14,54
5640.46818,5790.48962,150.021,14,54
5893.94833,6145.55354,251.605,14,54
6439.93825,6494.87979,54.942,14,54
6678.97656,6787.08426,108.108,14,54
6840.69392,6932.51516,91.821,14,54
7465.02534,7556.56062,91.535,14,54
7628.66013,7719.07627,90.416,14,54
8251.52439,8341.85517,90.331,14,54
8401.17863,8505.22056,104.042,14,54
25.8392,164.41599,138.577,14,56
594.16218,732.4607,138.299,14,56
850.32221,989.39267,139.07,14,56
1418.83875,1557.7132,138.874,14,56
1675.14983,1814.32715,139.177,14,56
2243.64211,2382.8896,139.247,14,56
2500.31707,2639.12197,138.805,14,56
3068.58268,3207.69366,139.111,14,56
3325.53505,3463.79355,138.259,14,56
3893.55864,4032.13951,138.581,14,56
4150.47282,4288.45726,137.984,14,56
4718.43848,4856.52541,138.087,14,56
4975.03425,5113.23506,138.201,14,56
5543.16956,5681.19416,138.025,14,56
5799.42347,5938.15819,138.735,14,56
6367.81969,6506.26958,138.45,14,56
6623.97984,6763.13904,139.159,14,56
7192.5215,7331.54509,139.024,14,56
7448.91567,7588.04219,139.127,14,56
8017.36691,8156.64186,139.275,14,56
8274.13701,8412.79593,138.659,14,56
260.28131,398.94295,138.662,14,55
538.2789,775.97005,237.691,14,55
1046.07837,1124.66672,78.588,14,55
1317.61734,1413.45892,95.842,14,55
1473.89107,1560.16235,86.271,14,55
2099.99132,2186.13142,86.14,14,55
2255.49825,2343.51774,88.019,14,55
2577.01036,2611.17731,34.167,14,55
2883.68879,2972.77067,89.082,14,55
3022.53335,3125.1552,102.622,14,55
3299.19947,3398.50311,99.304,14,55
3668.06312,3902.62754,234.564,14,55
4026.92271,4184.05154,157.129,14,55
4452.83645,4669.03318,216.197,14,55
4765.80227,4969.21943,203.417,14,55
5237.89239,5415.28089,177.389,14,55
5524.84652,5754.11302,229.267,14,55
6023.24383,6146.25374,123.01,14,55
6299.14378,6415.87016,116.726,14,55
6440.13093,6538.66431,98.533,14,55
6809.33476,6870.69337,61.359,14,55
7079.58578,7171.5099,91.924,14,55
7237.17534,7322.67172,85.496,14,55
7862.413,7947.92372,85.511,14,55
8015.18371,8105.67585,90.492,14,55
8322.03947,8375.29249,53.253,14,55
140.02137,563.86122,423.84,15,51
945.74293,1395.9297,450.187,15,51
1760.68983,2205.75648,445.067,15,51
2617.96321,3010.21357,392.25,15,51
3482.60037,3620.81613,138.216,15,51
3702.83963,3814.84509,112.005,15,51
4298.48131,4412.02563,113.544,15,51
4499.74206,4625.78113,126.039,15,51
5104.26662,5224.97384,120.707,15,51
5274.50852,5465.92532,191.417,15,51
5908.27517,6344.66535,436.39,15,51
6715.47971,7166.75513,451.275,15,51
7536.23597,7974.28894,438.053,15,51
8412.7118,8611.05303,198.341,15,51
180.42304,629.11037,448.687,15,52
1020.86083,1434.21881,413.358,15,52
1899.70463,2050.73385,151.029,15,52
2125.59943,2238.38814,112.789,15,52
2721.07989,2837.48857,116.409,15,52
2926.88992,3046.95118,120.061,15,52
3528.15571,3643.19951,115.044,15,52
3709.11321,3875.1019,165.989,15,52
4332.14403,4758.28666,426.143,15,52
5138.05301,5588.52421,450.471,15,52
5953.72471,6397.95154,444.227,15,52
6814.28086,7202.32333,388.042,15,52
7675.67711,7812.03153,136.354,15,52
7895.02554,8007.0667,112.041,15,52
8490.7859,8603.97727,113.191,15,52
313.36293,482.57461,169.212,15,53
546.50246,662.15038,115.648,15,53
1143.01392,1263.86001,120.846,15,53
1353.12467,1469.00067,115.876,15,53
1951.8899,2064.4435,112.554,15,53
2140.6006,2289.39564,148.795,15,53
2756.1116,3166.67551,410.564,15,53
3561.10169,4009.35193,448.25,15,53
4373.18376,4821.35965,448.176,15,53
5216.23546,5626.3313,410.096,15,53
6093.23981,6241.68319,148.443,15,53
6318.04287,6430.56208,112.519,15,53
6913.48136,7029.27461,115.793,15,53
7118.51303,7239.4901,120.977,15,53
7720.29613,7836.04992,115.754,15,53
7899.64088,8069.39411,169.753,15,53
8524.26976,8640,115.73,15,53
0,39.62097,39.621,15,54
78.44599,314.76769,236.322,15,54
596.40435,764.86155,168.457,15,54
851.90014,1102.51317,250.613,15,54
1391.43566,1474.15106,82.715,15,54
1636.36001,1752.37335,116.013,15,54
1793.84682,1889.582,95.735,15,54
2422.24212,2516.12662,93.884,15,54
2586.90583,2676.22428,89.318,15,54
3208.63945,3297.8159,89.176,15,54
3363.25555,3462.4716,99.216,15,54
3995.42535,4248.05092,252.626,15,54
4380.75029,4497.93119,117.181,15,54
4782.70346,5031.04718,248.344,15,54
5094.46461,5289.79317,195.329,15,54
5570.84915,5789.77101,218.922,15,54
5834.7831,6078.45796,243.675,15,54
6361.07487,6508.39089,147.316,15,54
6614.2628,6865.98549,251.723,15,54
7161.56433,7211.71207,50.148,15,54
7399.35525,7506.53471,107.179,15,54
7561.48625,7652.93268,91.446,15,54
8185.42543,8276.68853,91.263,15,54
8348.84803,8439.48228,90.634,15,54
0,61.24168,61.242,15,56
491.2096,629.2015,137.992,15,56
747.5368,886.13336,138.597,15,56
1315.86929,1454.1855,138.316,15,56
1572.02786,1711.11114,139.083,15,56
2140.54852,2279.44257,138.894,15,56
2396.86907,2536.04213,139.173,15,56
2965.35709,3104.61026,139.253,15,56
3222.04429,3360.83174,138.787,15,56
3790.30121,3929.3999,139.099,15,56
4047.25801,4185.50061,138.243,15,56
4615.27612,4753.83735,138.561,15,56
4872.18291,5010.16627,137.983,15,56
5440.15118,5578.22717,138.076,15,56
5696.7334,5834.94916,138.216,15,56
6264.87765,6402.90938,138.032,15,56
6521.12215,6659.87643,138.754,15,56
7089.52705,7227.99704,138.47,15,56
7345.68906,7484.85704,139.168,15,56
7914.23261,8053.27334,139.041,15,56
8170.63825,8309.75577,139.118,15,56
195.36874,383.82634,188.458,15,55
486.65058,711.65802,225.007,15,55
980.65025,1117.38318,136.733,15,55
1258.36047,1496.30896,237.948,15,55
1766.47643,1842.93692,76.46,15,55
2037.85339,2133.14053,95.287,15,55
2194.36744,2280.47966,86.112,15,55
2820.28957,2906.30501,86.015,15,55
2975.51338,3063.7948,88.281,15,55
3295.06817,3331.75763,36.689,15,55
3604.01656,3693.54417,89.528,15,55
3741.87066,3845.34438,103.474,15,55
4017.51657,4118.89561,101.379,15,55
4388.4069,4622.58922,234.182,15,55
4745.47837,4904.42235,158.944,15,55
5173.19016,5388.42527,215.235,15,55
5484.93016,5689.57923,204.649,15,55
5958.25374,6133.98676,175.733,15,55
6244.66269,6474.46202,229.799,15,55
6743.61613,6864.63648,121.02,15,55
7019.28292,7134.13155,114.849,15,55
7161.935,7258.99824,97.063,15,55
7529.75682,7588.92282,59.166,15,55
7799.84372,7891.35451,91.511,15,55
7957.50756,8042.98042,85.473,15,55
8582.72107,8640,57.279,15,55
57.05298,171.98708,114.934,16,51
238.27161,403.65524,165.384,16,51
861.04443,1286.81336,425.769,16,51
1666.92119,2117.34782,450.427,16,51
2482.46841,2926.84051,444.372,16,51
3342.47606,3731.226,388.75,16,51
4204.42232,4341.08122,136.659,16,51
4423.91822,4535.94997,112.032,16,51
5019.65697,5132.90423,113.247,16,51
5220.212,5347.30581,127.094,16,51
5825.28784,5947.29009,122.002,16,51
5993.49823,6189.68373,196.186,16,51
6629.3205,7066.88846,437.568,16,51
7436.75293,7888.03448,451.282,16,51
8258.42999,8640,381.57,16,51
89.98194,538.14268,448.161,16,52
901.97479,1350.23976,448.265,16,52
1744.57638,2155.23358,410.657,16,52
2621.91081,2770.77628,148.865,16,52
2846.89351,2959.45356,112.56,16,52
3442.33659,3558.22955,115.893,16,52
3647.49917,3768.31899,120.82,16,52
4249.19401,4364.82208,115.628,16,52
4428.81534,4597.91966,169.104,16,52
5053.16954,5481.10242,427.933,16,52
5859.24357,6309.91805,450.674,16,52
6675.55337,7119.02906,443.476,16,52
7538.81212,7923.33628,384.524,16,52
8397.44711,8532.32945,134.882,16,52
8616.07239,8640,23.928,16,52
152.99647,579.20084,426.204,16,53
1036.18462,1202.2746,166.09,16,53
1268.12714,1383.18855,115.061,16,53
1864.38236,1984.46864,120.086,16,53
2073.86631,2190.2569,116.391,16,53
2672.95548,2785.73639,112.781,16,53
2860.6443,3011.59936,150.955,16,53
3477.12643,3890.39623,413.27,16,53
4282.23088,4730.90459,448.674,16,53
5094.76964,5542.4801,447.71,16,53
5940.13233,6347.34506,407.213,16,53
6815.36464,6961.7709,146.406,16,53
7039.2933,7151.63352,112.34,16,53
7634.72184,7750.03917,115.317,16,53
7839.09849,7960.88183,121.783,16,53
8441.33072,8557.75419,116.423,16,53
8619.2587,8640,20.741,16,53
67.97672,246.12641,178.15,16,54
527.46875,758.64494,231.176,16,54
797.73501,1035.23358,237.499,16,54
1316.96748,1482.8433,165.876,16,54
1572.17329,1822.94943,250.776,16,54
2112.45288,2191.59836,79.145,16,54
2356.72972,2471.42245,114.693,16,54
2515.00397,2610.0022,94.998,16,54
3142.63784,3236.13783,93.5,16,54
3307.20389,3396.63277,89.429,16,54
3929.05012,4018.32505,89.275,16,54
4083.03585,4182.86613,99.83,16,54
4715.85092,4968.41167,252.561,16,54
5098.51296,5218.63572,120.123,16,54
5503.15115,5751.20509,248.054,16,54
5812.60205,6010.30411,197.702,16,54
6291.34036,6508.25783,216.917,16,54
6554.60329,6798.9138,244.311,16,54
7081.68921,7226.28066,144.591,16,54
7334.5818,7586.41687,251.835,16,54
7883.3854,7928.3484,44.963,16,54
8119.73512,8226.02456,106.289,16,54
8282.2437,8373.34983,91.106,16,54
388.1585,526.3208,138.162,16,56
644.83401,782.95438,138.12,16,56
1212.91855,1350.91315,137.995,16,56
1469.23463,1607.85085,138.616,16,56
2037.5764,2175.91075,138.334,16,56
2293.73401,2432.82957,139.096,16,56
2862.25845,3001.17177,138.913,16,56
3118.5887,3257.75694,139.168,16,56
3687.07226,3826.33041,139.258,16,56
3943.77175,4082.54136,138.77,16,56
4512.01981,4651.10567,139.086,16,56
4768.98076,4907.20765,138.227,16,56
5336.9935,5475.53497,138.541,16,56
5593.8926,5731.87537,137.983,16,56
6161.86369,6299.9294,138.066,16,56
6418.43224,6556.66354,138.231,16,56
6986.58563,7124.62526,138.04,16,56
7242.82105,7381.59475,138.774,16,56
7811.23447,7949.72493,138.49,16,56
8067.39871,8206.57495,139.176,16,56
8635.94389,8640,4.056,16,56
130.71973,352.15613,221.436,16,55
451.56199,647.05263,195.491,16,55
915.7286,1102.66425,186.936,16,55
1206.33374,1432.00995,225.676,16,55
1701.0195,1835.81542,134.796,16,55
1978.45023,2216.64728,238.197,16,55
2486.87662,2561.20261,74.326,16,55
2758.09247,2852.84509,94.753,16,55
2914.82373,3000.79597,85.972,16,55
3540.58916,3626.49284,85.904,16,55
3695.51338,3784.06988,88.557,16,55
4013.15299,4052.31209,39.159,16,55
4324.345,4414.35906,90.014,16,55
4461.16212,4565.52879,104.367,16,55
4735.83922,4839.28668,103.447,16,55
5108.75107,5342.53836,233.787,16,55
5464.04681,5624.79256,160.746,16,55
5893.54409,6107.79173,214.248,16,55
6204.08386,6409.93874,205.855,16,55
6678.61543,6852.67588,174.06,16,55
6964.49576,7194.81058,230.315,16,55
7463.98888,7583.01312,119.024,16,55
7739.42819,7852.63024,113.202,16,55
7883.50724,7979.33157,95.824,16,55
8250.18331,8307.1458,56.962,16,55
8520.10405,8611.21694,91.113,16,55
0,87.18533,87.185,17,51
176.48465,297.14879,120.664,17,51
778.09183,893.59696,115.505,17,51
957.9869,1126.45026,168.463,17,51
1582.06947,2009.65117,427.582,17,51
2388.1096,2838.74563,450.636,17,51
3204.28839,3647.9191,443.631,17,51
4067.00796,4452.23884,385.231,17,51
4926.20075,5061.3737,135.173,17,51
5144.97031,5257.06186,112.092,17,51
5740.82272,5853.80438,112.982,17,51
5940.66011,6068.85865,128.199,17,51
6546.30734,6669.79848,123.491,17,51
6712.29219,6913.5966,201.304,17,51
7350.36956,7789.0454,438.676,17,51
8158.04056,8609.29975,451.259,17,51
6.02858,418.76654,412.738,17,52
811.10953,1259.70095,448.591,17,52
1623.55479,2071.36163,447.807,17,52
2468.44292,2876.24756,407.805,17,52
3344.04876,3490.85663,146.808,17,52
3568.15089,3680.52396,112.373,17,52
4163.57972,4278.99021,115.41,17,52
4368.08867,4489.7066,121.618,17,52
4970.22919,5086.51179,116.283,17,52
5148.44802,5320.85515,172.407,17,52
5774.19748,6203.81275,429.615,17,52
6580.44481,7031.29272,450.848,17,52
7397.42649,7840.10144,442.675,17,52
8263.31744,8492.73675,229.419,17,52
8509.61769,8640,130.382,17,52
44.2213,494.46708,450.246,17,53
875.92105,1300.22438,424.303,17,53
1758.89607,1922.0377,163.142,17,53
1989.69072,2104.23005,114.539,17,53
2585.73196,2705.09686,119.365,17,53
2794.58843,2911.52736,116.939,17,53
3394.01635,3507.06796,113.052,17,53
3580.64778,3733.87593,153.228,17,53
4198.1423,4613.96684,415.825,17,53
5003.36794,5452.43039,449.062,17,53
5816.38582,6263.59324,447.207,17,53
6664.17673,7068.35825,404.182,17,53
7537.42686,7681.89402,144.467,17,53
7760.50945,7872.71027,112.201,17,53
8355.94946,8470.82357,114.874,17,53
8559.66402,8640,80.336,17,53
74.54795,173.35515,98.807,17,54
460.03792,709.78343,249.746,17,54
786.00304,966.66087,180.658,17,54
1247.94583,1477.58966,229.644,17,54
1517.10275,1755.69802,238.595,17,54
2037.53598,2200.81304,163.277,17,54
2292.45376,2543.38502,250.931,17,54
2833.51917,2908.99557,75.476,17,54
3077.10088,3190.54964,113.449,17,54
3236.08878,3330.422,94.333,17,54
3863.0342,3956.16636,93.132,17,54
4027.48593,4117.04091,89.555,17,54
4649.46123,4738.85534,89.394,17,54
4802.79219,4903.26008,100.468,17,54
5436.27712,5688.77047,252.493,17,54
5816.29057,5939.32682,123.036,17,54
6223.59989,6471.34379,247.744,17,54
6530.76047,6730.81219,200.052,17,54
7011.83393,7226.696,214.862,17,54
7274.47109,7519.3685,244.897,17,54
7802.31164,7944.15873,141.847,17,54
8054.90497,8306.8476,251.943,17,54
8605.4787,8640,34.521,17,54
284.96981,423.64881,138.679,17,56
541.91538,679.91412,137.999,17,56
1109.87228,1248.02084,138.149,17,56
1366.53472,1504.66743,138.133,17,56
1934.62736,2072.62544,137.998,17,56
2190.93242,2329.56846,138.636,17,56
2759.28354,2897.63644,138.353,17,56
3015.44046,3154.54796,139.107,17,56
3583.96854,3722.90103,138.932,17,56
3840.30882,3979.47159,139.163,17,56
4408.78761,4548.05015,139.263,17,56
4665.49915,4804.25082,138.752,17,56
5233.73846,5372.81099,139.073,17,56
5490.70303,5628.91468,138.212,17,56
6058.71076,6197.23259,138.522,17,56
6315.60168,6453.58472,137.983,17,56
6883.57602,7021.63191,138.056,17,56
7140.13092,7278.37794,138.247,17,56
7708.2935,7846.34151,138.048,17,56
7964.52015,8103.31315,138.793,17,56
8532.94195,8640,107.058,17,56
66.35014,302.64505,236.295,17,55
434.32208,582.18999,147.868,17,55
851.07186,1071.69649,220.625,17,55
1170.54077,1367.41473,196.874,17,55
1636.08868,1821.48172,185.393,17,55
1926.03748,2152.36154,226.324,17,55
2421.38919,2554.23979,132.851,17,55
2698.5478,2936.98501,238.437,17,55
3207.27904,3279.46352,72.184,17,55
3478.33451,3572.57162,94.237,17,55
3635.26066,3721.11126,85.851,17,55
4260.89006,4346.69497,85.805,17,55
4415.49814,4504.34295,88.845,17,55
4731.2605,4772.84524,41.585,17,55
5044.6741,5135.21964,90.546,17,55
5180.4031,5285.70858,105.305,17,55
5454.16759,5559.67647,105.509,17,55
5829.09554,6062.47442,233.379,17,55
6182.62844,6345.16226,162.534,17,55
6613.89827,6827.13239,213.234,17,55
6923.26349,7130.2978,207.034,17,55
7398.97729,7571.3487,172.371,17,55
7684.34521,7915.1587,230.813,17,55
8184.36206,8301.38377,117.022,17,55
8459.57934,8571.3019,111.723,17,55
8604.91217,8640,35.088,17,55
0,19.94391,19.944,18,51
97.00731,209.41469,112.407,18,51
692.43714,807.94195,115.505,18,51
897.07813,1018.53231,121.454,18,51
1499.1276,1615.27267,116.145,18,51
1677.63415,1849.36141,171.727,18,51
2303.0969,2732.38218,429.285,18,51
3109.30869,3560.12412,450.815,18,51
3926.15239,4368.99251,442.84,18,51
4791.52145,5022.95634,231.435,18,51
5037.353,5173.25229,135.899,18,51
5647.93832,5781.6925,133.754,18,51
5865.99669,5978.1811,112.184,18,51
6461.97901,6574.72647,112.747,18,51
6661.08586,6790.44144,129.356,18,51
7267.32522,7392.55721,125.232,18,51
7430.83223,7637.65934,206.827,18,51
8071.42256,8511.1404,439.718,18,51
0,35.90341,35.903,18,52
109.75685,262.51842,152.762,18,52
727.04429,1142.36704,415.323,18,52
1532.24497,1981.23196,448.987,18,52
2345.16467,2792.47625,447.312,18,52
3192.45808,3597.26086,404.803,18,52
4066.12323,4210.97276,144.85,18,52
4289.37384,4401.5996,112.226,18,52
4884.80988,4999.77061,114.961,18,52
5088.65825,5211.11491,122.457,18,52
5691.26148,5808.27662,117.015,18,52
5868.00339,6043.916,175.913,18,52
6495.22793,6926.42455,431.197,18,52
7301.65717,7752.64902,450.992,18,52
8119.34687,8561.16877,441.822,18,52
0,401.13052,401.131,18,53
765.65565,1215.63797,449.982,18,53
1598.9658,2021.24597,422.28,18,53
2481.50501,2641.8584,160.353,18,53
2711.19875,2825.27513,114.076,18,53
3307.06364,3425.74462,118.681,18,53
3515.29113,3632.81273,117.522,18,53
4115.0727,4228.44103,113.368,18,53
4300.60834,4456.23068,155.622,18,53
4919.15932,5337.39144,418.232,18,53
5724.5133,6173.9305,449.417,18,53
6538.03382,6984.6996,446.666,18,53
7388.35987,7789.37097,401.011,18,53
8259.43046,8402.05072,142.62,18,53
8481.69304,8593.7926,112.1,18,53
393.30672,495.8097,102.503,18,54
520.07793,646.22004,126.142,18,54
792.19671,894.16688,101.97,18,54
1180.47975,1430.02522,249.545,18,54
1504.04248,1687.19161,183.149,18,54
1968.42468,2196.45758,228.033,18,54
2236.54695,2476.16106,239.614,18,54
2758.11002,2918.77115,160.661,18,54
3012.74103,3263.8199,251.079,18,54
3554.64198,3626.33509,71.693,18,54
3797.47337,3909.7454,112.272,18,54
3957.11055,4050.8414,93.731,18,54
4583.43121,4676.21194,92.781,18,54
4747.75217,4837.4487,89.697,18,54
5369.87285,5459.40751,89.535,18,54
5522.52368,5623.65344,101.13,18,54
6156.70393,6409.12714,252.423,18,54
6534.08206,6660.00545,125.923,18,54
6944.04969,7191.46138,247.412,18,54
7248.94167,7451.31752,202.376,18,54
7732.32989,7945.08947,212.76,18,54
7994.3821,8239.82219,245.44,18,54
8522.94259,8640,117.057,18,54
181.70926,320.86423,139.155,18,56
438.6399,576.96498,138.325,18,56
1006.68773,1145.34729,138.66,18,56
1263.62775,1401.62247,137.995,18,56
1831.58588,1969.72124,138.135,18,56
2088.23517,2226.38059,138.145,18,56
2656.33605,2794.33811,138.002,18,56
2912.63038,3051.28619,138.656,18,56
3480.9907,3619.36242,138.372,18,56
3737.1475,3876.2663,139.119,18,56
4305.6788,4444.63007,138.951,18,56
4562.02943,4701.18606,139.157,18,56
5130.50313,5269.76952,139.266,18,56
5387.22667,5525.96013,138.733,18,56
5955.45715,6094.51581,139.059,18,56
6212.42504,6350.6217,138.197,18,56
6780.42791,6918.93014,138.502,18,56
7037.31045,7175.29411,137.984,18,56
7605.28817,7743.33474,138.047,18,56
7861.82945,8000.0926,138.263,18,56
8430.00128,8568.0583,138.057,18,56
2.38473,90.02535,87.641,18,55
144.79171,244.35534,99.564,18,55
425.98668,516.91711,90.93,18,55
786.6919,1022.66353,235.972,18,55
1152.81985,1302.56346,149.744,18,55
1571.42426,1791.21307,219.789,18,55
1889.54368,2087.77647,198.233,18,55
2356.44898,2540.27932,183.83,18,55
2645.76137,2872.71268,226.951,18,55
3141.75926,3272.65659,130.897,18,55
3418.65299,3657.32212,238.669,18,55
3927.68408,3997.71981,70.036,18,55
4198.57936,4292.31941,93.74,18,55
4355.67887,4441.42551,85.747,18,55
4981.19223,5066.91141,85.719,18,55
5135.46722,5224.61393,89.147,18,55
5449.38722,5493.36071,43.973,18,55
5765.00386,5856.13125,91.127,18,55
5899.58826,6005.88337,106.295,18,55
6172.50173,6280.06496,107.563,18,55
6549.44051,6782.39713,232.957,18,55
6901.22379,7065.53154,164.308,18,55
7334.25263,7546.44713,212.194,18,55
7642.46919,7850.6564,208.187,18,55
8119.33939,8290.00593,170.667,18,55
8404.21052,8635.50638,231.296,18,55
262.42097,472.57869,210.158,21,51
508.29427,634.70793,126.414,21,51
1111.08496,1241.21516,130.13,21,51
1327.3357,1440.03697,112.701,21,51
1923.69591,2036.02084,112.325,21,51
2120.77044,2253.83781,133.067,21,51
2728.74548,2861.73846,132.993,21,51
2882.60163,3108.60386,226.002,21,51
3533.02702,3975.21217,442.185,21,51
4341.78844,4792.52068,450.732,21,51
5168.86054,5598.89095,430.03,21,51
6051.3155,6225.07651,173.761,21,51
6286.304,6402.9113,116.607,21,51
6883.13648,7005.14336,122.007,21,51
7094.23081,7209.54861,115.318,21,51
7692.5091,7804.89364,112.385,21,51
7882.6739,8028.84755,146.174,21,51
8496.86272,8640,143.137,21,51
346.70475,460.63187,113.927,21,52
548.75583,673.93582,125.18,21,52
1152.70273,1272.398,119.695,21,52
1324.86777,1512.15186,187.284,21,52
1956.74682,2391.78118,435.034,21,52
2763.80486,3214.87698,451.072,21,52
3583.81317,4022.698,438.885,21,52
4458.2545,4661.54829,203.294,21,52
4702.67569,4826.82583,124.15,21,52
5303.90087,5432.61004,128.709,21,52
5519.35177,5632.31711,112.965,21,52
6115.94085,6228.13552,112.195,21,52
6312.06428,6446.80038,134.736,21,52
6920.85899,7304.86199,384.003,21,52
7725.20948,8168.37365,443.164,21,52
8534.33019,8640,105.67,21,52
380.62038,804.80763,424.187,21,53
1186.43777,1636.51749,450.08,21,53
2001.60804,2446.31743,444.709,21,53
2859.46524,3250.80887,391.344,21,53
3723.23456,3861.13044,137.896,21,53
3943.43967,4055.52024,112.081,21,53
4539.02365,4652.56201,113.538,21,53
4740.2382,4866.63738,126.399,21,53
5344.82721,5465.91629,121.089,21,53
5514.71496,5707.39444,192.679,21,53
6148.89482,6585.41796,436.523,21,53
6956.2166,7407.32471,451.108,21,53
7777.27978,8214.85528,437.575,21,53
44.41485,183.5761,139.161,21,54
300.89543,439.95108,139.056,21,54
869.30072,1008.57814,139.277,21,54
1126.15147,1264.66668,138.515,21,54
1694.28391,1833.15811,138.874,21,54
1951.25971,2089.31007,138.05,21,54
2519.22717,2657.51021,138.283,21,54
2775.98292,2914.01921,138.036,21,54
3344.02589,3482.00416,137.978,21,54
3600.39834,3738.88036,138.482,21,54
4168.69344,4306.90018,138.207,21,54
4424.824,4563.85692,139.033,21,54
4993.34852,5132.14039,138.792,21,54
5249.57331,5388.81725,139.244,21,54
5818.12011,5957.37838,139.258,21,54
6074.70582,6213.6427,138.937,21,54
6643.04439,6782.26605,139.222,21,54
6899.96247,7038.32496,138.362,21,54
7468.03312,7606.74938,138.716,21,54
7724.97932,7862.97089,137.992,21,54
8292.94438,8431.09846,138.154,21,54
8549.59569,8640,90.404,21,54
0,7.26335,7.263,21,56
76.13259,161.94086,85.808,21,56
701.70307,787.60613,85.903,21,56
850.12163,944.48963,94.368,21,56
1143.00705,1215.51262,72.506,21,56
1485.84004,1724.25035,238.41,21,56
1868.22463,2001.42907,133.204,21,56
2270.46866,2496.68233,226.214,21,56
2601.04926,2786.73869,185.689,21,56
3055.41612,3252.03073,196.615,21,56
3350.98039,3571.75757,220.777,21,56
3840.63614,3988.15339,147.517,21,56
4120.13383,4356.47649,236.343,21,56
4626.29477,4714.76052,88.466,21,56
4898.67099,4997.36192,98.691,21,56
5053.4786,5140.75829,87.28,21,56
5415.19841,5435.05175,19.853,21,56
5680.72352,5767.60173,86.878,21,56
5837.31872,5924.28212,86.963,21,56
6168.55428,6190.15863,21.604,21,56
6464.26796,6551.71176,87.444,21,56
6607.18818,6706.28782,99.1,21,56
6889.15435,6978.79047,89.636,21,56
7248.55798,7484.70931,236.151,21,56
7615.88964,7764.43278,148.543,21,56
8033.27724,8253.57426,220.297,21,56
8352.31129,8549.64291,197.332,21,56
305.07328,394.75788,89.685,21,55
466.2728,559.30519,93.032,21,55
1091.7429,1185.80023,94.057,21,55
1232.49878,1345.36591,112.867,21,55
1515.29397,1587.73704,72.443,21,55
1878.82737,2130.31626,251.489,21,55
2222.50458,2384.35553,161.851,21,55
2666.56529,2906.93249,240.367,21,55
2944.26532,3174.10574,229.84,21,55
3455.66451,3638.11624,182.452,21,55
3711.84746,3962.10664,250.259,21,55
4249.04775,4349.16822,100.12,21,55
4496.04889,4621.66374,125.615,21,55
4647.41253,4749.33672,101.924,21,55
5281.93116,5378.32927,96.398,21,55
5447.02342,5536.11667,89.093,21,55
6068.34004,6157.40701,89.067,21,55
6226.12048,6322.53048,96.41,21,55
6855.12029,6957.08542,101.965,21,55
6982.8846,7108.42742,125.543,21,55
7255.23536,7355.38834,100.153,21,55
7642.35544,7892.67277,250.317,21,55
7966.23502,8148.77484,182.54,21,55
8430.36768,8640,209.632,21,55
112.49738,551.5923,439.095,22,51
986.54788,1190.944,204.396,22,51
1231.23049,1355.72703,124.497,22,51
1832.68853,1961.63014,128.942,22,51
2048.27237,2161.19032,112.918,22,51
2644.82169,2757.03486,112.213,22,51
2841.10612,2975.55632,134.45,22,51
3449.76111,3589.33591,139.575,22,51
3596.29088,3833.06522,236.774,22,51
4254.09947,4697.10488,443.005,22,51
5063.1587,5513.72818,450.569,22,51
5891.5337,6319.92166,428.388,22,51
6774.29549,6944.68535,170.39,22,51
7008.02158,7123.94734,115.926,22,51
7604.53444,7725.72764,121.193,22,51
7815.00066,7930.78941,115.789,22,51
8413.58348,8526.13987,112.556,22,51
8602.77032,8640,37.23,22,51
251.97091,390.18484,138.214,22,52
472.32681,584.40436,112.078,22,52
1067.89241,1181.49266,113.6,22,52
1269.24804,1395.43827,126.19,22,52
1873.72764,1994.56835,120.841,22,52
2044.01147,2235.75731,191.746,22,52
2677.79074,3114.07218,436.281,22,52
3485.06737,3936.17228,451.105,22,52
4305.94888,4743.75045,437.802,22,52
5182.20989,5380.26399,198.054,22,52
5425.26617,5547.84655,122.58,22,52
6025.46765,6153.05212,127.584,22,52
6240.26174,6353.48163,113.22,22,52
6837.0576,6949.17994,112.122,22,52
7032.36895,7168.56668,136.198,22,52
7641.87393,8029.3651,387.491,22,52
8446.28805,8640,193.712,22,52
297.60489,412.74895,115.144,22,53
478.62958,644.89862,166.269,22,53
1101.64582,1527.72734,426.082,22,53
1907.62081,2357.93255,450.312,22,53
2723.39985,3167.40201,444.002,22,53
3583.96034,3971.82322,387.863,22,53
4445.04801,4581.40527,136.357,22,53
4664.51302,4776.6291,112.116,22,53
5260.199,5373.4481,113.249,22,53
5460.7047,5588.17241,127.468,22,53
6065.84985,6188.27786,122.428,22,53
6233.66341,6431.18295,197.52,22,53
6869.94291,7307.62524,437.682,22,53
7677.49588,8128.60257,451.107,22,53
8499.49339,8640,140.507,22,53
0,80.03053,80.031,22,54
197.56849,336.80031,139.232,22,54
766.1273,905.30263,139.175,22,54
1022.62082,1161.66319,139.042,22,54
1591.01824,1730.29104,139.273,22,54
1847.87858,1986.37427,138.496,22,54
2416.00274,2554.85798,138.855,22,54
2672.97636,2811.01738,138.041,22,54
3240.94245,3379.20801,138.266,22,54
3497.68587,3635.73078,138.045,22,54
4065.7357,4203.71243,137.977,22,54
4322.09519,4460.59722,138.502,22,54
4890.40029,5028.62335,138.223,22,54
5146.52697,5285.5759,139.049,22,54
5715.05728,5853.87068,138.813,22,54
5971.29031,6110.53336,139.243,22,54
6539.83416,6679.10187,139.268,22,54
6796.4331,6935.35332,138.92,22,54
7364.76285,7503.97462,139.212,22,54
7621.68777,7760.03184,138.344,22,54
8189.75148,8328.44728,138.696,22,54
8446.69202,8584.67902,137.987,22,54
8.55965,98.48365,89.924,22,56
370.68091,409.1346,38.454,22,56
638.72971,727.25378,88.524,22,56
796.33124,882.23882,85.908,22,56
1422.0207,1508.0458,86.025,22,56
1569.83985,1664.72607,94.886,22,56
1861.2554,1935.93238,74.677,22,56
2206.17808,2444.33823,238.16,22,56
2586.651,2721.80691,135.156,22,56
2990.81875,3216.37019,225.551,22,56
3319.88016,3507.10304,187.223,22,56
3775.77449,3970.99418,195.22,22,56
4070.5378,4292.11171,221.574,22,56
4561.00304,4706.63614,145.633,22,56
4840.17332,5076.81784,236.645,22,56
5346.68369,5433.05327,86.37,22,56
5618.89135,5716.92309,98.032,22,56
5774.06044,5861.07981,87.019,22,56
6136.16341,6152.71702,16.554,22,56
6401.0148,6487.70923,86.694,22,56
6557.40222,6644.56755,87.165,22,56
6886.37181,6910.97443,24.603,22,56
7184.59226,7272.3324,87.74,22,56
7326.69793,7426.49632,99.798,22,56
7607.44749,7699.1896,91.742,22,56
7968.89963,8204.72363,235.824,22,56
8334.39225,8484.80551,150.413,22,56
239.17933,339.52346,100.344,22,55
403.78004,493.21576,89.436,22,55
1025.47986,1115.03137,89.552,22,55
1186.31546,1279.70973,93.394,22,55
1812.16316,1906.85493,94.692,22,55
1951.6724,2065.75199,114.08,22,55
2232.63445,2308.84388,76.209,22,55
2599.26546,2850.63284,251.367,22,55
2940.43494,3104.9247,164.49,22,55
3387.03477,3626.4074,239.373,22,55
3663.09818,3894.58301,231.485,22,55
4176.20785,4356.1404,179.933,22,55
4432.0922,4682.54907,250.457,22,55
4969.90022,5066.77795,96.878,22,55
5216.41691,5339.88464,123.468,22,55
5369.36766,5469.76152,100.394,22,55
6002.32706,6098.24244,95.915,22,55
6167.41315,6256.52978,89.117,22,55
6788.75061,6877.81505,89.064,22,55
6946.01767,7042.93183,96.914,22,55
7575.54498,7679.42352,103.879,22,55
7700.72853,7828.80502,128.076,22,55
7972.87291,8076.20256,103.33,22,55
8362.80038,8612.93191,250.132,22,55
13.91861,465.01936,451.101,23,51
834.62062,1272.64538,438.025,23,51
1710.53284,1909.60979,199.077,23,51
1953.87006,2076.74742,122.877,23,51
2554.26127,2682.0677,127.806,23,51
2769.18676,2882.35293,113.166,23,51
3365.9399,3478.07407,112.134,23,51
3561.41607,3697.31436,135.898,23,51
4170.77615,4557.56485,386.789,23,51
4975.17697,5418.95219,443.775,23,51
5784.54777,6234.9247,450.377,23,51
6614.30908,7040.94993,426.641,23,51
7497.15596,7664.36615,167.21,23,51
7729.66948,7844.98642,115.317,23,51
8325.91223,8446.33169,120.419,23,51
8535.75079,8640,104.249,23,51
112.16101,500.72551,388.564,23,52
973.79325,1110.45408,136.661,23,52
1193.40555,1305.51182,112.106,23,52
1789.06977,1902.37445,113.305,23,52
1989.71888,2116.96771,127.249,23,52
2594.75063,2716.89435,122.144,23,52
2762.99626,2959.51505,196.519,23,52
3398.83817,3836.29293,437.455,23,52
4206.34372,4657.45301,451.109,23,52
5028.14897,5464.79894,436.65,23,52
5906.01458,6099.19281,193.178,23,52
6147.64698,6268.869,121.222,23,52
6747.00566,6873.51629,126.511,23,52
6961.15023,7074.65593,113.506,23,52
7558.16727,7670.25048,112.083,23,52
7752.64672,7890.37555,137.729,23,52
8362.8884,8640,277.112,23,52
211.73787,327.67827,115.94,23,53
417.00026,537.95106,120.951,23,53
1018.64485,1134.37682,115.732,23,53
1198.33106,1367.72368,169.393,23,53
1822.6733,2250.53542,427.862,23,53
2628.81409,3079.3276,450.514,23,53
3445.2336,3888.48113,443.248,23,53
4308.46461,4692.83805,384.373,23,53
5166.8187,5301.70712,134.888,23,53
5385.56003,5497.74507,112.185,23,53
5981.36453,6094.35582,112.991,23,53
6181.14923,6309.73608,128.587,23,53
6786.87081,6910.84336,123.973,23,53
6952.40438,7155.12255,202.718,23,53
7590.99488,8029.76761,438.773,23,53
8398.78963,8640,241.21,23,53
94.61345,233.54326,138.93,23,54
663.09866,801.76014,138.661,23,54
919.282,1058.51743,139.235,23,54
1487.83997,1627.02874,139.189,23,54
1744.34643,1883.37511,139.029,23,54
2312.7359,2452.00325,139.267,23,54
2569.60544,2708.08168,138.476,23,54
3137.72152,3276.5575,138.836,23,54
3394.69247,3532.72476,138.032,23,54
3962.65756,4100.90612,138.249,23,54
4219.3884,4357.4424,138.054,23,54
4787.44535,4925.42128,137.976,23,54
5043.79188,5182.31423,138.522,23,54
5612.10712,5750.34694,138.24,23,54
5868.23038,6007.29488,139.064,23,54
6436.76618,6575.60107,138.835,23,54
6693.00777,6832.24931,139.242,23,54
7261.5484,7400.82509,139.277,23,54
7518.16061,7657.06375,138.903,23,54
8086.4814,8225.68283,139.201,23,54
8343.41274,8481.73875,138.326,23,54
0,34.41721,34.417,23,56
303.98632,404.91006,100.924,23,56
577.42922,680.6911,103.262,23,56
729.36984,818.81107,89.441,23,56
1091.21367,1127.2382,36.025,23,56
1359.00941,1447.25934,88.25,23,56
1516.51542,1602.53534,86.02,23,56
2142.33921,2228.50476,86.166,23,56
2289.53579,2384.95938,95.424,23,56
2579.50982,2656.34893,76.839,23,56
2926.51669,3164.41799,237.901,23,56
3305.08592,3442.1839,137.098,23,56
3711.16912,3936.03718,224.868,23,56
4038.73198,4227.46711,188.735,23,56
4496.13308,4689.9344,193.801,23,56
4790.11858,5012.46534,222.347,23,56
5281.37031,5425.10933,143.739,23,56
5560.22243,5797.15866,236.936,23,56
6067.07395,6151.34148,84.268,23,56
6339.1152,6436.51247,97.397,23,56
6494.61747,6581.40034,86.783,23,56
6857.37888,6870.13133,12.752,23,56
7121.30765,7207.83094,86.523,23,56
7277.47118,7364.85117,87.38,23,56
7604.27453,7631.70619,27.432,23,56
7904.91724,7992.98161,88.064,23,56
8046.17503,8146.70083,100.526,23,56
8325.74603,8419.58696,93.841,23,56
0,43.02552,43.026,23,55
173.87962,426.77854,252.899,23,55
959.57025,1059.2854,99.715,23,55
1124.30222,1213.63116,89.329,23,55
1745.88696,1835.32095,89.434,23,55
1906.34112,2000.11389,93.773,23,55
2532.58395,2627.97698,95.393,23,55
2670.77353,2786.13723,115.364,23,55
2950.02989,3029.89633,79.866,23,55
3319.70429,3570.9441,251.24,23,55
3658.37499,3825.48869,167.114,23,55
4107.50583,4345.80047,238.295,23,55
4382.01299,4615.05856,233.046,23,55
4896.75549,5074.15092,177.395,23,55
5152.34699,5402.99083,250.644,23,55
5690.78026,5784.35898,93.579,23,55
5936.78662,6058.35734,121.571,23,55
6091.0776,6190.18589,99.108,23,55
6722.72364,6818.17491,95.451,23,55
6887.78572,6976.94258,89.157,23,55
7509.16168,7598.24122,89.08,23,55
7665.89472,7763.33277,97.438,23,55
8295.97017,8402.46283,106.493,23,55
8417.86456,8549.18147,131.317,23,55
0,364.95821,364.958,24,51
735.19219,1186.30294,451.111,24,51
1556.80743,1993.69467,436.887,24,51
2434.36803,2628.49987,194.132,24,51
2676.289,2797.76952,121.481,24,51
3275.80494,3402.52754,126.723,24,51
3490.07948,3603.52521,113.446,24,51
4087.0509,4199.13924,112.088,24,51
4281.69931,4419.11445,137.415,24,51
4891.79068,5282.06675,390.276,24,51
5696.25986,6140.75666,444.497,24,51
6505.95666,6956.11089,450.154,24,51
7337.19373,7761.97592,424.782,24,51
8219.90434,8384.112,164.208,24,51
8451.25429,8566.02884,114.775,24,51
0,417.3709,417.371,24,52
836.66632,1221.74029,385.074,24,52
1695.57238,1830.75058,135.178,24,52
1914.45785,2026.62633,112.168,24,52
2510.23723,2623.27788,113.041,24,52
2710.16783,2838.52548,128.358,24,52
3315.7719,3439.41469,123.643,24,52
3481.78326,3683.42456,201.641,24,52
4119.88935,4558.44799,438.559,24,52
4927.63454,5378.7197,451.085,24,52
5750.41793,6185.84392,435.426,24,52
6629.66674,6818.29105,188.624,24,52
6869.8619,6989.8934,120.031,24,52
7468.51626,7594.00199,125.486,24,52
7682.0174,7795.84046,113.823,24,52
8279.27006,8391.34812,112.078,24,52
8472.89651,8612.22963,139.333,24,52
113.41987,260.20397,146.784,24,53
337.63883,450.07143,112.433,24,53
932.98266,1048.44204,115.459,24,53
1137.59058,1259.34274,121.752,24,53
1739.68178,1856.07216,116.39,24,53
1917.96279,2090.66612,172.703,24,53
2543.70323,2973.23925,429.536,24,53
3350.01821,3800.70354,450.685,24,53
4167.11212,4609.55507,442.443,24,53
5032.94154,5261.62932,228.688,24,53
5279.45743,5413.85346,134.396,24,53
5888.54908,6022.03499,133.486,24,53
6106.58175,6218.8685,112.287,24,53
6702.52069,6815.28566,112.765,24,53
6901.5712,7031.33004,129.759,24,53
7507.89019,7633.67795,125.788,24,53
7670.87266,7879.20707,208.334,24,53
8312.05094,8640,327.949,24,53
0,130.2985,130.299,24,54
560.15865,698.2915,138.133,24,54
816.31436,955.26215,138.948,24,54
1384.80668,1523.48996,138.683,24,54
1640.99598,1780.23442,139.238,24,54
2209.55284,2348.75467,139.202,24,54
2466.07236,2605.08684,139.014,24,54
3034.45369,3173.71508,139.261,24,54
3291.33209,3429.78916,138.457,24,54
3859.44026,3998.25685,138.817,24,54
4116.40816,4254.43223,138.024,24,54
4684.37248,4822.60428,138.232,24,54
4941.09048,5079.15438,138.064,24,54
5509.15483,5647.1306,137.976,24,54
5765.48873,5904.03139,138.543,24,54
6333.81393,6472.0709,138.257,24,54
6589.93427,6729.01384,139.08,24,54
7158.47522,7297.3314,138.856,24,54
7414.72566,7553.9651,139.239,24,54
7983.26283,8122.54774,139.285,24,54
8239.88834,8378.77401,138.886,24,54
238.80579,395.58571,156.78,24,56
520.09162,754.76174,234.67,24,56
1024.36842,1123.22999,98.862,24,56
1297.62601,1400.04164,102.416,24,56
1450.13921,1539.13769,88.998,24,56
1811.7695,1845.31756,33.548,24,56
2079.29084,2167.27986,87.989,24,56
2236.6852,2322.83038,86.145,24,56
2862.6586,2948.98367,86.325,24,56
3009.20857,3105.18946,95.981,24,56
3297.76998,3376.76232,78.992,24,56
3646.85578,3884.48936,237.634,24,56
4023.52961,4162.5603,139.031,24,56
4431.51971,4655.68282,224.163,24,56
4757.60542,4947.83064,190.225,24,56
5216.49189,5408.85199,192.36,24,56
5509.72214,5732.81868,223.097,24,56
6001.73791,6143.57338,141.835,24,56
6280.28077,6517.49894,237.218,24,56
6787.46583,6869.62547,82.16,24,56
7059.34236,7156.1287,96.786,24,56
7215.15095,7301.72001,86.569,24,56
7579.1973,7586.94211,7.745,24,56
7841.60197,7927.96684,86.365,24,56
7997.52559,8085.13299,87.607,24,56
8322.23873,8352.37745,30.139,24,56
8625.24296,8640,14.757,24,56
0,47.76074,47.761,24,55
110.81197,359.88229,249.07,24,55
645.1192,760.76535,115.646,24,55
894.23597,1147.20603,252.97,24,55
1679.96192,1779.07107,99.109,24,55
1844.80377,1934.04617,89.242,24,55
2466.29455,2555.62685,89.332,24,55
2626.3495,2720.51766,94.168,24,55
3253.00528,3349.17662,96.171,24,55
3389.79152,3506.52162,116.73,24,55
3667.47316,3750.90134,83.428,24,55
4040.14403,4291.2497,251.106,24,55
4376.32511,4546.04761,169.722,24,55
4827.97856,5065.10841,237.13,24,55
5101.01294,5335.53254,234.52,24,55
5617.30759,5792.14842,174.841,24,55
5872.61124,6123.43194,250.821,24,55
6411.6908,6501.90818,90.217,24,55
6657.15785,6777.01386,119.856,24,55
6812.61004,6910.60982,98,24,55
7443.12086,7538.12624,95.005,24,55
7608.14137,7697.35505,89.214,24,55
8229.57324,8318.68596,89.113,24,55
8385.75107,8483.73325,97.982,24,55
11.15153,211.73284,200.581,25,51
648.78392,1087.1261,438.342,25,51
1456.48004,1907.57239,451.092,25,51
2279.06214,2714.74033,435.678,25,51
3158.05081,3347.56668,189.516,25,51
3398.53456,3518.79344,120.259,25,51
3997.3209,4123.00896,125.688,25,51
4210.95099,4324.70764,113.757,25,51
4808.15509,4920.23143,112.076,25,51
5001.95479,5140.95923,139.004,25,51
5612.80493,6006.53449,393.73,25,51
6417.34841,6862.5207,445.172,25,51
7227.38634,7677.28716,449.901,25,51
8060.19495,8482.99999,422.805,25,51
0,329.53472,329.535,25,52
695.83693,1138.44584,442.609,25,52
1561.15158,1791.76989,230.618,25,52
1807.27072,1942.75556,135.485,25,52
2417.31065,2551.07339,133.763,25,52
2635.48463,2747.74822,112.264,25,52
3231.39522,3344.20319,112.808,25,52
3430.59438,3560.11319,129.519,25,52
4036.79156,4162.18808,125.397,25,52
4200.3133,4407.48067,207.167,25,52
4840.94449,5280.5415,439.597,25,52
5648.94049,6099.97307,451.033,25,52
6472.76052,6906.8855,434.125,25,52
7353.16811,7537.52855,184.36,25,52
7591.94066,7710.91977,118.979,25,52
8190.001,8314.50889,124.508,25,52
8402.86379,8517.03563,114.172,25,52
0,366.75157,366.752,25,53
835.4936,980.32487,144.831,25,53
1058.86137,1171.14948,112.288,25,53
1654.21449,1769.2256,115.011,25,53
1858.16101,1980.75522,122.594,25,53
2460.71581,2577.84277,117.127,25,53
2637.51679,2813.73337,176.217,25,53
3264.7357,3695.84543,431.11,25,53
4071.23344,4522.06106,450.828,25,53
4889.03795,5330.62407,441.586,25,53
5757.35633,5977.99601,220.64,25,53
6004.38092,6134.86972,130.489,25,53
6610.24159,6742.38808,132.146,25,53
6827.579,6939.99976,112.421,25,53
7423.66789,7536.23807,112.57,25,53
7621.97012,7752.95606,130.986,25,53
8228.90836,8356.89352,127.985,25,53
8388.95571,8603.42464,214.469,25,53
0,27.17504,27.175,25,54
457.18493,595.17574,137.991,25,54
713.61087,852.01447,138.404,25,54
1281.86569,1420.01222,138.147,25,54
1538.01565,1676.98107,138.965,25,54
2106.5148,2245.21988,138.705,25,54
2362.71041,2501.95128,139.241,25,54
2931.2659,3070.48011,139.214,25,54
3187.79863,3326.79839,139,25,54
3756.1716,3895.42632,139.255,25,54
4013.05867,4151.49647,138.438,25,54
4581.15896,4719.95578,138.797,25,54
4838.12344,4976.13978,138.016,25,54
5406.08723,5544.30267,138.215,25,54
5662.79232,5800.86647,138.074,25,54
6230.86415,6368.84042,137.976,25,54
6487.18549,6625.7487,138.563,25,54
7055.52072,7193.79543,138.275,25,54
7311.63842,7450.73277,139.094,25,54
7880.18442,8019.06166,138.877,25,54
8136.44409,8275.68071,139.237,25,54
173.98489,375.93702,201.952,25,56
472.9919,690.33722,217.345,25,56
959.1713,1114.12108,154.95,25,56
1240.07804,1475.10575,235.028,25,56
1744.75149,1841.54525,96.794,25,56
2017.82704,2119.43373,101.607,25,56
2170.87122,2259.46349,88.592,25,56
2532.35393,2563.36746,31.014,25,56
2799.57403,2887.31517,87.741,25,56
2956.84061,3043.12391,86.283,25,56
3582.97884,3669.4835,86.505,25,56
3728.85734,3825.41614,96.559,25,56
4016.0358,4097.17286,81.137,25,56
4367.19535,4604.55201,237.357,25,56
4741.98234,4882.93605,140.954,25,56
5151.87069,5375.30662,223.436,25,56
5476.50078,5668.19387,191.693,25,56
5936.85084,6127.74727,190.896,25,56
6229.34809,6453.17149,223.823,25,56
6722.10584,6862.02861,139.923,25,56
7000.348,7237.83865,237.491,25,56
7507.85936,7587.90497,80.046,25,56
7779.57289,7875.77052,96.198,25,56
7935.66189,8022.03874,86.377,25,56
8561.89772,8640,78.102,25,56
0,28.30546,28.305,25,55
69.66416,292.17916,222.515,25,55
573.53069,765.86653,192.336,25,55
830.9899,1080.32872,249.339,25,55
1365.86663,1478.48719,112.621,25,55
1614.59458,1867.63305,253.038,25,55
2400.35427,2498.87967,98.525,25,55
2565.28531,2654.46089,89.176,25,55
3186.70266,3275.94916,89.247,25,55
3346.34029,3440.92105,94.581,25,55
3973.42721,4070.46767,97.04,25,55
4108.7126,4226.90491,118.192,25,55
4384.95847,4471.86472,86.906,25,55
4760.5846,5011.54903,250.964,25,55
5094.28537,5266.60186,172.316,25,55
5548.45289,5784.32897,235.876,25,55
5820.1002,6056.00502,235.905,25,55
6337.86434,6510.13351,172.269,25,55
6592.88389,6843.87223,250.988,25,55
7132.63567,7219.42227,86.787,25,55
7377.53067,7495.81324,118.283,25,55
7534.00587,7631.03338,97.028,25,55
8163.51878,8258.09602,94.577,25,55
8328.48043,8417.7672,89.287,25,55
0,88.8977,88.898,26,51
565.69294,690.71252,125.02,26,51
729.73955,935.76008,206.021,26,51
1369.83827,1809.23166,439.393,26,51
2177.78285,2628.82832,451.045,26,51
3001.38948,3435.78266,434.393,26,51
3881.5822,4066.7781,185.196,26,51
4120.63862,4239.81945,119.181,26,51
4718.81071,4843.51161,124.701,26,51
4931.80149,5045.90061,114.099,26,51
5529.25265,5641.35168,112.099,26,51
5722.18136,5862.85161,140.67,26,51
6333.819,6730.93465,397.116,26,51
7138.44282,7584.24677,445.804,26,51
7948.83781,8398.45382,449.616,26,51
0,224.43533,224.435,26,52
600.09434,1050.89584,450.802,26,52
1417.75291,1859.51582,441.763,26,52
2285.58139,2507.70427,222.123,26,52
2532.6255,2663.77158,131.146,26,52
3139.01043,3271.42146,132.411,26,52
3356.48666,3468.87787,112.391,26,52
3952.54418,4065.15094,112.607,26,52
4150.99798,4281.73261,130.735,26,52
4757.80996,4885.31422,127.504,26,52
4918.48668,5131.67273,213.186,26,52
5562.00382,6002.57747,440.574,26,52
6370.26227,6821.21346,450.951,26,52
7195.18196,7627.92393,432.742,26,52
8076.523,8256.8837,180.361,26,52
8313.90457,8431.9484,118.044,26,52
0,283.0281,283.028,26,53
686.37205,1087.76617,401.394,26,53
1557.50838,1700.47955,142.971,26,53
1780.05114,1892.23309,112.182,26,53
2375.43396,2490.02907,114.595,26,53
2578.71128,2702.18984,123.479,26,53
3181.74723,3299.69852,117.951,26,53
3356.98333,3536.93326,179.95,26,53
3985.77087,4418.36058,432.59,26,53
4792.46034,5243.40123,450.941,26,53
5611.01423,6051.68828,440.674,26,53
6481.6787,6695.53888,213.86,26,53
6728.13278,6855.88678,127.754,26,53
7331.89817,7462.76552,130.867,26,53
7548.55232,7661.13922,112.587,26,53
8144.80655,8257.21371,112.407,26,53
8342.34527,8474.61595,132.271,26,53
354.08032,492.41738,138.337,26,54
610.87173,748.88577,138.014,26,54
1178.89543,1316.88214,137.987,26,54
1435.30785,1573.73067,138.423,26,54
2003.57269,2141.73356,138.161,26,54
2259.71713,2398.70001,138.983,26,54
2828.22305,2966.94986,138.727,26,54
3084.42539,3223.66799,139.243,26,54
3652.97916,3792.20523,139.226,26,54
3909.52502,4048.50974,138.985,26,54
4477.88963,4617.13698,139.247,26,54
4734.78491,4873.20362,138.419,26,54
5302.8776,5441.6546,138.777,26,54
5559.83808,5697.84737,138.009,26,54
6127.8018,6266.00123,138.199,26,54
6384.49363,6522.57875,138.085,26,54
6952.57331,7090.5507,137.977,26,54
7208.88234,7347.46608,138.584,26,54
7777.22751,7915.52022,138.293,26,54
8033.34315,8172.45169,139.109,26,54
8601.89376,8640,38.106,26,54
109.4202,337.49864,228.078,26,56
444.67745,625.64297,180.966,26,56
894.3423,1094.99714,200.655,26,56
1192.45219,1410.69289,218.241,26,56
1679.53708,1832.64513,153.108,26,56
1960.07585,2195.44925,235.373,26,56
2465.13561,2559.8559,94.72,26,56
2738.03218,2838.86428,100.832,26,56
2891.5688,2979.78847,88.22,26,56
3252.97463,3281.38018,28.406,26,56
3519.85894,3607.36512,87.506,26,56
3676.98168,3763.41588,86.434,26,56
4016.32794,4026.49015,10.162,26,56
4303.29991,4390.00511,86.705,26,56
4448.48088,4545.63949,97.159,26,56
4734.30718,4817.58076,83.274,26,56
5087.53535,5324.60558,237.07,26,56
5460.44448,5603.31115,142.867,26,56
5872.22187,6094.90811,222.686,26,56
6195.41859,6388.5567,193.138,26,56
6657.21013,6846.62077,189.411,26,56
6948.99594,7173.52396,224.528,26,56
7442.47401,7580.47527,138.001,26,56
7720.42383,7958.17777,237.754,26,56
8228.25473,8306.18008,77.925,26,56
8499.80661,8595.43682,95.63,26,56
68.77127,222.61344,153.842,26,55
505.1659,748.06113,242.895,26,55
788.21493,1012.66359,224.449,26,55
1294.05855,1483.95389,189.895,26,55
1551.1837,1800.77439,249.591,26,55
2086.63158,2196.18994,109.558,26,55
2334.95528,2472.36771,137.412,26,55
2476.22112,2588.05966,111.839,26,55
3120.74743,3218.71051,97.963,26,55
3285.74757,3374.87538,89.128,26,55
3907.11126,3996.28808,89.177,26,55
4066.31318,4161.32403,95.011,26,55
4693.84964,4791.86888,98.019,26,55
4827.51778,4947.28722,119.769,26,55
5102.48104,5192.79145,90.31,26,55
5481.02599,5731.8416,250.816,26,55
5812.25604,5987.15141,174.895,26,55
6268.92891,6503.46112,234.532,26,55
6539.2757,6776.47584,237.2,26,55
7058.42606,7228.10638,169.68,26,55
7313.16455,7564.31179,251.147,26,55
7853.61888,7936.89685,83.278,26,55
8097.90476,8214.72841,116.824,26,55
8255.29195,8351.45655,96.165,26,55
481.42019,594.0648,112.645,27,51
680.02502,810.51058,130.486,27,51
1286.71158,1413.75637,127.045,27,51
1447.99605,1659.92586,211.93,27,51
2090.89668,2531.27877,440.382,27,51
2899.1014,3350.0713,450.97,27,51
3723.79454,4156.82162,433.027,27,51
4604.96607,4786.11103,181.145,27,51
4842.62429,4960.84761,118.223,27,51
5440.27576,5564.03512,123.759,27,51
5652.63144,5767.10478,114.473,27,51
6250.34398,6362.5012,112.157,27,51
6442.37772,6584.79489,142.417,27,51
7054.83324,7455.23863,400.405,27,51
7859.54358,8305.93694,446.393,27,51
0,65.3852,65.385,27,52
514.66877,946.96831,432.3,27,52
1321.31886,1772.23943,450.921,27,52
2139.71884,2580.58092,440.862,27,52
3009.92443,3225.08225,215.158,27,52
3256.54127,3384.78842,128.247,27,52
3860.67409,3991.79407,131.12,27,52
4077.4647,4190.01564,112.551,27,52
4673.68451,4786.12184,112.437,27,52
4871.37798,5003.38559,132.008,27,52
5478.82721,5608.98807,130.161,27,52
5636.108,5855.98373,219.876,27,52
6283.06763,6724.55924,441.492,27,52
7091.60062,7542.44167,450.841,27,52
7917.68774,8348.95941,431.272,27,52
0,193.6228,193.623,27,53
558.14104,1004.13076,445.99,27,53
1410.6417,1808.78046,398.139,27,53
2279.46779,2420.66634,141.199,27,53
2501.20989,2613.32255,112.113,27,53
3096.64163,3210.85278,114.211,27,53
3299.24112,3423.64753,124.406,27,53
3902.77609,4021.65139,118.875,27,53
4076.34992,4260.27295,183.923,27,53
4706.80889,5140.7907,433.982,27,53
5513.6995,5964.72472,451.025,27,53
6333.04423,6772.74809,439.704,27,53
7205.88429,7413.66571,207.781,27,53
7451.30494,7576.90514,125.6,27,53
8053.52107,8183.16669,129.646,27,53
8269.50259,8382.28726,112.785,27,53
250.84618,389.75748,138.911,27,54
507.825,645.89565,138.071,27,54
1075.7961,1214.11489,138.319,27,54
1332.57589,1470.59674,138.021,27,54
1900.60576,2038.58895,137.983,27,54
2157.00475,2295.44713,138.442,27,54
2725.27965,2863.45523,138.176,27,54
2981.41904,3120.41897,139,27,54
3549.93141,3688.67998,138.749,27,54
3806.14094,3945.38456,139.244,27,54
4374.69261,4513.93005,139.237,27,54
4631.2518,4770.22091,138.969,27,54
5199.60778,5338.84718,139.239,27,54
5456.51101,5594.91086,138.4,27,54
6024.59617,6163.35302,138.757,27,54
6281.5523,6419.55515,138.003,27,54
6849.51618,6987.70008,138.184,27,54
7106.19474,7244.29115,138.096,27,54
7674.28232,7812.26156,137.979,27,54
7930.57917,8069.18375,138.605,27,54
8498.9343,8637.24554,138.311,27,54
45.16528,284.05127,238.886,27,56
431.39624,560.67137,129.275,27,56
829.76931,1057.246,227.477,27,56
1163.44842,1346.00861,182.56,27,56
1614.70003,1814.03264,199.333,27,56
1911.93716,2131.04817,219.111,27,56
2399.90314,2551.15828,151.255,27,56
2680.08474,2915.79222,235.707,27,56
3185.52082,3278.16193,92.641,27,56
3458.2413,3558.33057,100.089,27,56
3612.23451,3700.11261,87.878,27,56
3973.64264,3999.34471,25.702,27,56
4240.14552,4327.4296,87.284,27,56
4397.10841,4483.70627,86.598,27,56
4733.38071,4748.06823,14.688,27,56
5023.6218,5110.54953,86.928,27,56
5168.07809,5265.85931,97.781,27,56
5452.58419,5537.98615,85.402,27,56
5807.87579,6044.64995,236.774,27,56
6178.91609,6323.68558,144.769,27,56
6592.57342,6814.48683,221.913,27,56
6914.35931,7108.91915,194.56,27,56
7377.56958,7565.47301,187.903,27,56
7668.6652,7893.87602,225.211,27,56
8162.84267,8298.91377,136.071,27,56
8440.50794,8640,199.492,27,56
80.81616,145.32104,64.505,27,55
437.95347,689.66886,251.715,27,55
786.67272,943.20015,156.527,27,55
1225.63092,1467.75437,242.123,27,55
1506.82856,1733.14607,226.318,27,55
2014.59004,2202.0238,187.434,27,55
2271.39208,2521.21924,249.827,27,55
2807.41562,2913.87217,106.457,27,55
3055.31796,3186.69424,131.376,27,55
3202.05015,3308.48579,106.436,27,55
3841.1413,3938.56275,97.421,27,55
4006.19104,4095.28947,89.098,27,55
4627.52036,4716.64385,89.123,27,55
4786.26778,4881.72662,95.459,27,55
5414.27262,5513.40717,99.135,27,55
5546.18007,5667.66835,121.488,27,55
5820.03683,5913.68553,93.649,27,55
6201.46822,6452.12692,250.659,27,55
6530.23756,6707.69664,177.459,27,55
6989.40669,7222.50509,233.098,27,55
7258.5391,7496.94527,238.406,27,55
7778.99284,7946.0677,167.075,27,55
8033.45236,8284.75073,251.298,27,55
8574.6455,8640,65.354,27,55
389.44883,520.82344,131.375,28,51
606.37621,718.89244,112.516,28,51
1202.56221,1315.03106,112.469,28,51
1400.40979,1532.15664,131.747,28,51
2007.72903,2137.29552,129.566,28,51
2165.75307,2384.21458,218.462,28,51
2811.95961,3253.27118,441.312,28,51
3620.43628,4071.30199,450.866,28,51
4446.28298,4877.85766,431.575,28,51
5328.2082,5505.54826,177.34,28,51
5564.5084,5681.87818,117.37,28,51
6161.71736,6284.57914,122.862,28,51
6373.44115,6488.3206,114.879,28,51
6971.42936,7083.68128,112.252,28,51
7162.54243,7306.79221,144.25,28,51
7775.84776,8179.42435,403.577,28,51
8580.65082,8640,59.349,28,51
431.67571,550.35645,118.681,28,52
605.59211,788.69614,183.104,28,52
1235.70618,1669.41495,433.709,28,52
2042.5555,2493.56627,451.011,28,52
2861.73768,3301.6416,439.904,28,52
3734.15519,3943.11438,208.959,28,52
3979.80743,4105.80651,125.999,28,52
4582.30361,4712.19048,129.887,28,52
4798.41952,4911.16192,112.742,28,52
5394.81661,5507.11644,112.3,28,52
5591.7337,5725.07412,133.34,28,52
6199.84349,6333.72676,133.883,28,52
6352.65999,6580.39004,227.73,28,52
7004.13609,7446.4903,442.354,28,52
7812.95628,8263.65812,450.702,28,52
0,81.76918,81.769,28,53
465.26451,915.08118,449.817,28,53
1279.85588,1725.22718,445.371,28,53
2135.01498,2529.79466,394.78,28,53
3001.37539,3140.88377,139.508,28,53
3222.33897,3334.41817,112.079,28,53
3817.83802,3931.69703,113.859,28,53
4019.75025,4145.12963,125.379,28,53
4623.80269,4743.71697,119.914,28,53
4795.6008,4983.75849,188.158,28,53
5427.85021,5863.14144,435.291,28,53
6234.95142,6686.03231,451.081,28,53
7055.13146,7493.8037,438.672,28,53
7929.95556,8132.16379,202.208,28,53
8174.11009,8297.92473,123.815,28,53
147.58333,286.86485,139.282,28,54
404.42433,542.95899,138.535,28,54
972.56506,1111.45798,138.893,28,54
1229.54257,1367.60283,138.06,28,54
1797.51172,1935.81241,138.301,28,54
2054.27965,2192.30785,138.028,28,54
2622.31591,2760.2963,137.98,28,54
2878.70154,3017.16366,138.462,28,54
3446.98657,3585.17748,138.191,28,54
3703.12134,3842.13794,139.017,28,54
4271.6399,4410.41021,138.77,28,54
4527.85691,4667.10098,139.244,28,54
5096.40626,5235.65437,139.248,28,54
5352.97867,5491.9319,138.953,28,54
5921.32603,6060.55689,139.231,28,54
6178.2368,6316.61794,138.381,28,54
6746.31469,6885.05132,138.737,28,54
7003.26608,7141.26298,137.997,28,54
7571.23037,7709.39916,138.169,28,54
7827.89542,7966.00391,138.108,28,54
8395.99117,8533.97298,137.982,28,54
0,67.1851,67.185,28,56
130.3819,224.25013,93.868,28,56
424.76496,495.08902,70.324,28,56
765.50241,1004.15463,238.652,28,56
1149.80644,1281.05056,131.244,28,56
1550.11888,1776.97413,226.855,28,56
1882.23886,2066.37381,184.135,28,56
2335.05791,2533.04369,197.986,28,56
2631.44671,2851.40306,219.956,28,56
3120.26941,3269.66092,149.392,28,56
3400.10415,3636.13458,236.03,28,56
3905.90718,3996.46348,90.556,28,56
4178.45427,4277.83054,99.376,28,56
4332.87049,4420.43589,87.565,28,56
4694.37473,4717.24435,22.87,28,56
4960.43373,5047.5085,87.075,28,56
5117.22077,5203.99503,86.774,28,56
5450.86293,5469.21753,18.355,28,56
5743.94449,5831.11798,87.173,28,56
5887.64768,5986.07537,98.428,28,56
6170.86656,6258.38935,87.523,28,56
6528.21667,6764.68457,236.468,28,56
6897.39773,7044.05946,146.662,28,56
7312.9252,7534.04235,221.117,28,56
7633.32344,7829.28128,195.958,28,56
8097.92927,8284.30455,186.375,28,56
8388.35536,8614.22767,225.872,28,56
371.32326,464.80471,93.481,28,55
513.26089,624.97887,111.718,28,55
798.01736,866.56649,68.549,28,55
1158.39007,1409.99488,251.605,28,55
1504.58383,1663.78078,159.197,28,55
1946.09741,2187.3799,241.282,28,55
2225.51033,2453.62679,228.116,28,55
2735.12533,2920.07767,184.952,28,55
2991.61371,3241.6633,250.05,28,55
3528.22029,3631.53221,103.312,28,55
3775.6825,3903.82499,128.142,28,55
3925.08184,4028.91141,103.83,28,55
4561.53587,4658.43586,96.9,28,55
4726.61618,4815.70323,89.087,28,55
5347.92995,5437.01672,89.087,28,55
5506.20369,5602.1288,95.925,28,55
6134.69617,6235.12345,100.427,28,55
6264.65841,6388.04848,123.39,28,55
6537.62256,6634.55012,96.928,28,55
6921.91139,7172.40424,250.493,28,55
7248.23046,7428.23777,180.007,28,55
7709.8863,7941.46236,231.576,28,55
7977.88881,8217.41328,239.524,28,55
8499.56515,8640,140.435,28,55
0,339.11794,339.118,31,51
795.58376,962.81483,167.231,31,51
1027.823,1143.04512,115.222,31,51
1624.27206,1744.57538,120.303,31,51
1833.86104,1949.95967,116.099,31,51
2432.89651,2545.50976,112.613,31,51
2620.85704,2770.82443,149.967,31,51
3237.03139,3649.36205,412.331,31,51
4042.03298,4490.71988,448.687,31,51
4854.31721,5302.40039,448.083,31,51
5698.74338,6107.2519,408.509,31,51
6575.02104,6722.13456,147.114,31,51
6799.12404,6911.46026,112.336,31,51
7394.64099,7510.06683,115.426,31,51
7599.13996,7720.50729,121.367,31,51
8201.26796,8317.34528,116.077,31,51
8379.62278,8551.25398,171.631,31,51
45.39481,171.79835,126.404,31,52
259.27751,372.61114,113.334,31,52
856.43702,968.37699,111.94,31,52
1050.69398,1188.12212,137.428,31,52
1661.05051,2051.76266,390.712,31,52
2465.42073,2910.37338,444.953,31,52
3275.03569,3725.50835,450.473,31,52
4106.3655,4531.23955,424.874,31,52
4989.77247,5153.3978,163.625,31,52
5220.61475,5335.18621,114.571,31,52
5816.79024,5936.21415,119.424,31,52
6025.62691,6142.37099,116.744,31,52
6625.06372,6737.98656,112.923,31,52
6811.76656,6964.42211,152.656,31,52
7429.14268,7844.61041,415.468,31,52
8234.28704,8640,405.713,31,52
85.05799,208.81201,123.754,31,53
250.4087,452.7429,202.334,31,53
889.07214,1328.14316,439.071,31,53
1696.73011,2148.15752,451.427,31,53
2519.50717,2955.13546,435.628,31,53
3399.62416,3587.54908,187.925,31,53
3639.31306,3759.07482,119.762,31,53
4238.09468,4363.27122,125.177,31,53
4451.20749,4564.92226,113.715,31,53
5048.6499,5160.58596,111.936,31,53
5241.88066,5381.23663,139.356,31,53
5853.15798,6248.06856,394.911,31,53
6657.61883,7103.36886,445.75,31,53
7467.64665,7917.80715,450.16,31,53
8300.90472,8640,339.095,31,53
55.34778,140.79685,85.449,31,54
680.66933,766.12892,85.46,31,54
833.5127,923.76477,90.252,31,54
1140.59175,1194.04389,53.452,31,54
1464.52554,1558.17252,93.647,31,54
1594.40223,1704.58978,110.188,31,54
1864.85498,1980.02363,115.169,31,54
2248.96703,2480.03015,231.063,31,54
2594.83251,2765.30758,170.475,31,54
3033.75924,3241.77737,208.018,31,54
3338.49972,3550.32659,211.827,31,54
3818.801,3983.24551,164.445,31,54
4102.45173,4335.08454,232.633,31,54
4604.11097,4712.284,108.173,31,54
4878.84298,4984.96419,106.121,31,54
5028.38349,5119.46881,91.085,31,54
5390.2495,5436.09029,45.841,31,54
5660.02487,5749.10813,89.083,31,54
5817.61158,5903.22181,85.61,31,54
6443.14592,6528.83244,85.687,31,54
6592.16517,6685.76085,93.596,31,54
6886.51872,6957.39612,70.877,31,54
7227.18895,7465.58701,238.398,31,54
7612.02193,7743.0248,131.003,31,54
8011.73481,8238.37095,226.636,31,54
8344.67899,8528.21208,183.533,31,54
283.19249,374.90156,91.709,31,56
446.93825,537.20963,90.271,31,56
1069.6736,1159.83762,90.164,31,56
1219.83503,1323.35259,103.518,31,56
1530.02577,1552.17235,22.147,31,56
1856.54917,2108.66884,252.12,31,56
2225.20856,2360.64305,135.434,31,56
2643.96775,2889.97083,246.003,31,56
2941.56285,3151.41951,209.857,31,56
3432.40322,3637.74919,205.346,31,56
3692.86835,3939.75294,246.885,31,56
4223.5009,4353.18932,129.688,31,56
4474.80974,4727.12639,252.317,31,56
5260.22034,5362.29107,102.071,31,56
5424.2041,5513.97919,89.775,31,56
6046.40276,6136.28646,89.884,31,56
6208.08022,6300.44685,92.367,31,56
6832.9966,6926.0217,93.025,31,56
6975.68999,7086.45216,110.762,31,56
7261.69976,7328.10131,66.402,31,56
7620.00415,7871.33145,251.327,31,56
7968.28083,8125.48376,157.203,31,56
8407.63866,8640,232.361,31,56
10.06685,149.1253,139.058,31,55
266.4548,405.59973,139.145,31,55
834.91801,974.22138,139.303,31,55
1091.69036,1230.34709,138.657,31,55
1659.89007,1798.89729,139.007,31,55
1916.86583,2054.99482,138.129,31,55
2484.85518,2623.27118,138.416,31,55
2741.68723,2879.67751,137.99,31,55
3309.69079,3447.69662,138.006,31,55
3566.15322,3704.50232,138.349,31,55
4134.38039,4272.48639,138.106,31,55
4390.54239,4529.46231,138.92,31,55
4959.02507,5097.66867,138.644,31,55
5215.19568,5354.43971,139.244,31,55
5783.76198,5922.94695,139.185,31,55
6040.24938,6179.30186,139.052,31,55
6608.65513,6747.93941,139.284,31,55
6865.51132,7004.01054,138.499,31,55
7433.64194,7572.50524,138.863,31,55
7690.61266,7828.65168,138.039,31,55
8258.58222,8396.84999,138.268,31,55
8515.32223,8640,124.678,31,55
0,254.37799,254.378,32,51
634.87887,1060.14046,425.262,32,51
1518.33794,1682.54991,164.212,32,51
1749.40911,1864.08328,114.674,32,51
2345.62635,2465.19364,119.567,32,51
2554.58905,2671.22171,116.633,32,51
3153.95713,3266.82377,112.867,32,51
3340.87427,3493.06807,152.194,32,51
3958.04496,4373.00271,414.958,32,51
4763.16471,5212.25367,449.089,32,51
5575.91837,6023.51435,447.596,32,51
6422.74469,6828.26347,405.519,32,51
7297.10482,7442.24096,145.136,32,51
7520.35203,7632.53273,112.181,32,51
8115.8712,8230.84124,114.97,32,51
8319.71146,8441.9085,122.197,32,51
0,116.82278,116.823,32,52
167.9895,287.9756,119.986,32,52
766.90118,892.27828,125.377,32,52
980.14232,1093.79017,113.648,32,52
1577.53594,1689.46912,111.933,32,52
1770.9408,1909.9664,139.026,32,52
2382.06102,2776.27542,394.214,32,52
3186.5061,3632.12703,445.621,32,52
3996.46322,4446.67911,450.216,32,52
4829.388,5252.25964,422.872,32,52
5712.40006,5873.20406,160.804,32,52
5942.1322,6056.22855,114.096,32,52
6538.12271,6656.85588,118.733,32,52
6746.33152,6863.65065,117.319,32,52
7346.1189,7459.34937,113.23,32,52
7531.73315,7686.7579,155.025,32,52
8150.15758,8568.07148,417.914,32,52
0.81322,113.44336,112.63,32,53
199.63572,329.12955,129.494,32,53
806.07376,931.63227,125.559,32,53
968.88124,1176.85002,207.969,32,53
1610.12408,2050.22433,440.1,32,53
2418.03349,2869.40465,451.371,32,53
3241.857,3676.17281,434.316,32,53
4123.11782,4306.79415,183.676,32,53
4361.37472,4480.09764,118.723,32,53
4959.57006,5083.77656,124.206,32,53
5172.04719,5286.11406,114.067,32,53
5769.74108,5881.71225,111.971,32,53
5962.09227,6103.1391,141.047,32,53
6574.16834,6972.48762,398.319,32,53
7378.71132,7825.07744,446.366,32,53
8189.10057,8638.96649,449.866,32,53
0,77.15985,77.16,32,54
347.34809,408.448,61.1,32,54
618.17763,709.7727,91.595,32,54
775.68538,861.10431,85.419,32,54
1400.97516,1486.41142,85.436,32,54
1553.40705,1644.02331,90.616,32,54
1858.8095,1914.47898,55.669,32,54
2184.85652,2279.42918,94.573,32,54
2313.21667,2424.73684,111.52,32,54
2583.22724,2700.40122,117.174,32,54
2969.31193,3199.88229,230.57,32,54
3313.50331,3485.67196,172.169,32,54
3754.11267,3960.97565,206.863,32,54
4057.8261,4270.68153,212.855,32,54
4539.16105,4701.8448,162.684,32,54
4822.37987,5055.42838,233.049,32,54
5324.48082,5430.63514,106.154,32,54
5599.02087,5704.15191,105.131,32,54
5749.29844,5839.79583,90.497,32,54
6110.68503,6154.29822,43.613,32,54
6380.29726,6469.07785,88.781,32,54
6537.82691,6623.519,85.692,32,54
7163.46001,7249.24604,85.786,32,54
7311.9102,7405.99782,94.088,32,54
7604.78539,7677.79936,73.014,32,54
7947.52424,8185.6802,238.156,32,54
8330.45058,8463.39707,132.946,32,54
0,32.27475,32.275,32,56
217.54809,325.30616,107.758,32,56
379.39031,471.06676,91.676,32,56
1003.59177,1095.0188,91.427,32,56
1167.13609,1257.61558,90.479,32,56
1790.08718,1880.4968,90.41,32,56
1939.44483,2043.74262,104.298,32,56
2244.97544,2275.67196,30.697,32,56
2576.97861,2829.01347,252.035,32,56
2943.05574,3081.27549,138.22,32,56
3364.42222,3609.96368,245.541,32,56
3659.87555,3871.91355,212.038,32,56
4152.91014,4355.99252,203.082,32,56
4412.92334,4660.202,247.279,32,56
4944.17494,5071.00154,126.827,32,56
5195.15032,5447.55418,252.404,32,56
5980.60599,6081.98302,101.377,32,56
6144.78495,6234.3939,89.609,32,56
6766.80652,6856.53102,89.724,32,56
6928.15077,7020.84977,92.699,32,56
7553.41435,7646.97517,93.561,32,56
7694.97146,7806.83592,111.864,32,56
7978.95631,8049.2968,70.34,32,56
8340.43934,8591.64598,251.207,32,56
0,45.56511,45.565,32,55
163.21528,302.41615,139.201,32,55
731.77808,870.85391,139.076,32,55
988.17784,1127.31317,139.135,32,55
1556.63461,1695.9379,139.303,32,55
1813.41829,1952.05546,138.637,32,55
2381.60909,2520.59952,138.99,32,55
2638.58578,2776.70184,138.116,32,55
3206.57163,3344.9683,138.397,32,55
3463.39315,3601.38785,137.995,32,55
4031.40181,4169.4016,138,32,55
4287.85032,4426.21812,138.368,32,55
4856.08754,4994.20631,138.119,32,55
5112.2429,5251.18128,138.938,32,55
5680.733,5819.39856,138.666,32,55
5936.90917,6076.15688,139.248,32,55
6505.47473,6644.67344,139.199,32,55
6761.97524,6901.01375,139.039,32,55
7330.3729,7469.65185,139.279,32,55
7587.23831,7725.71798,138.48,32,55
8155.3608,8294.20471,138.844,32,55
8412.32884,8550.35911,138.03,32,55
0,160.88375,160.884,33,51
525.28072,975.5507,450.27,33,51
1357.87661,1781.16097,423.284,33,51
2240.98592,2402.34481,161.359,33,51
2470.93753,2585.12497,114.187,33,51
3066.96239,3185.8315,118.869,33,51
3275.29758,3392.49836,117.201,33,51
3875.01326,3988.17806,113.165,33,51
4060.84964,4215.38795,154.538,33,51
4679.05961,5096.49343,417.434,33,51
5484.30471,5933.76139,449.457,33,51
6297.55065,6744.62141,447.071,33,51
7146.89191,7549.27449,402.383,33,51
8019.12832,8162.38171,143.253,33,51
8241.54676,8353.61066,112.064,33,51
0,205.0707,205.071,33,52
651.5338,836.04225,184.508,33,52
890.07616,1008.99804,118.922,33,52
1488.38159,1612.7794,124.398,33,52
1700.98627,1814.97981,113.994,33,52
2298.62838,2410.58957,111.961,33,52
2491.15843,2631.85876,140.7,33,52
3103.07138,3500.71315,397.642,33,52
3907.59736,4353.84295,446.246,33,52
4717.91265,5167.84029,449.928,33,52
5552.53763,5973.27795,420.74,33,52
6434.93008,6593.06427,158.134,33,52
6663.59755,6777.27468,113.677,33,52
7259.43798,7377.51702,118.079,33,52
7467.01672,7584.94574,117.929,33,52
8067.16988,8180.75598,113.586,33,52
8251.65432,8409.17659,157.522,33,52
0,40.69932,40.699,33,53
125.71701,237.98011,112.263,33,53
721.95645,834.39041,112.434,33,53
920.03168,1050.74689,130.715,33,53
1527.08823,1654.82973,127.741,33,53
1686.97223,1901.09714,214.125,33,53
2331.18009,2772.24812,441.068,33,53
3139.35263,3590.63891,451.286,33,53
3964.28693,4397.20711,432.92,33,53
4846.46215,5026.15518,179.693,33,53
5083.3235,5201.12273,117.799,33,53
5681.02127,5804.30268,123.281,33,53
5892.86654,6007.31717,114.451,33,53
6490.82616,6602.86828,112.042,33,53
6682.27313,6825.09343,142.82,33,53
7295.17894,7696.79761,401.619,33,53
8099.81023,8546.75074,446.941,33,53
0,13.01149,13.011,33,54
281.90067,402.06833,120.168,33,54
557.88573,671.57206,113.686,33,54
701.2634,797.49182,96.228,33,54
1067.75094,1126.69908,58.948,33,54
1338.43472,1429.627,91.192,33,54
1496.00684,1581.41057,85.404,33,54
2121.28212,2206.70919,85.427,33,54
2273.28416,2364.27941,90.995,33,54
2577.03478,2634.90845,57.874,33,54
2905.18808,3000.81087,95.623,33,54
3031.90059,3144.87788,112.977,33,54
3301.60595,3420.77817,119.172,33,54
3689.65715,3919.71842,230.061,33,54
4032.1904,4206.036,173.846,33,54
4474.46626,4680.14843,205.682,33,54
4777.17816,4991.03619,213.858,33,54
5259.52117,5420.43109,160.91,33,54
5542.3212,5775.77177,233.451,33,54
6044.85099,6148.98163,104.131,33,54
6319.20344,6423.39561,104.192,33,54
6470.16197,6560.122,89.96,33,54
6831.12835,6872.49716,41.369,33,54
7100.5716,7189.06294,88.491,33,54
7258.02771,7343.81478,85.787,33,54
7883.77503,7969.67804,85.903,33,54
8031.634,8126.23173,94.598,33,54
8323.05712,8398.20008,75.143,33,54
0,46.04379,46.044,33,56
152.83744,404.54891,251.711,33,56
700.48134,749.05551,48.574,33,56
937.92668,1044.77076,106.844,33,56
1100.16981,1191.48391,91.314,33,56
1723.99172,1815.15216,91.16,33,56
1887.31838,1978.02117,90.703,33,56
2510.50126,2601.18415,90.683,33,56
2659.02262,2764.13209,105.109,33,56
2960.80717,2998.28996,37.483,33,56
3297.40875,3549.3553,251.947,33,56
3660.91406,3801.89919,140.985,33,56
4084.87787,4329.92028,245.042,33,56
4378.22548,4592.4054,214.18,33,56
4873.41985,5074.20787,200.788,33,56
5133.00445,5380.6502,247.646,33,56
5664.86095,5788.79948,123.939,33,56
5915.4937,6167.98146,252.488,33,56
6700.99262,6801.70135,100.709,33,56
6865.34289,6954.80818,89.465,33,56
7487.2108,7576.79147,89.581,33,56
7648.20476,7741.2523,93.048,33,56
8273.83262,8367.98275,94.15,33,56
8414.19386,8527.21868,113.025,33,56
60.34518,199.14959,138.804,33,55
628.77947,767.29352,138.514,33,55
884.92529,1024.13412,139.209,33,55
1453.4895,1592.58227,139.093,33,55
1709.90138,1849.02641,139.125,33,55
2278.35138,2417.65406,139.303,33,55
2535.1461,2673.76369,138.618,33,55
3103.32811,3242.30148,138.973,33,55
3360.30518,3498.40874,138.104,33,55
3928.28792,4066.66543,138.378,33,55
4185.09856,4323.09837,138,33,55
4753.11265,4891.10692,137.994,33,55
5009.54738,5147.9341,138.387,33,55
5577.79462,5715.92658,138.132,33,55
5833.94378,5972.90027,138.956,33,55
6402.44103,6541.12849,138.687,33,55
6658.62311,6797.87391,139.251,33,55
7227.18768,7366.39944,139.212,33,55
7483.70128,7622.72545,139.024,33,55
8052.0908,8191.36362,139.273,33,55
8308.96524,8447.42541,138.46,33,55
0,28.93473,28.935,34,51
436.48375,882.60707,446.123,34,51
1246.72567,1696.71375,449.988,34,51
2081.00004,2502.17962,421.18,34,51
2963.53505,3122.19453,158.659,34,51
3192.41309,3306.17021,113.757,34,51
3788.28105,3906.4887,118.208,34,51
3995.98677,4113.79028,117.804,34,51
4596.06514,4709.57565,113.511,34,51
4780.78022,4937.78946,157.009,34,51
5400.07569,5819.83929,419.764,34,51
6205.45302,6655.24437,449.791,34,51
7019.2158,7465.72181,446.506,34,51
7871.17275,8270.28519,399.112,34,51
0,119.498,119.498,34,52
492.89796,926.10558,433.208,34,52
1374.9076,1555.38142,180.474,34,52
1612.04607,1730.02264,117.977,34,52
2209.83757,2333.30142,123.464,34,52
2421.8096,2536.18056,114.371,34,52
3019.71466,3131.73958,112.025,34,52
3211.34561,3353.80235,142.457,34,52
3824.08193,4225.04691,400.965,34,52
4628.69497,5075.52317,446.828,34,52
5439.38517,5888.99253,449.607,34,52
6275.82225,6694.29465,418.472,34,52
7157.36951,7312.97422,155.605,34,52
7385.01506,7498.32463,113.31,34,52
7980.73686,8098.19761,117.461,34,52
8187.68245,8306.25704,118.575,34,52
26.14704,153.98778,127.841,34,53
630.30345,761.07054,130.767,34,53
846.68827,959.11445,112.426,34,53
1443.09115,1555.36076,112.27,34,53
1640.40386,1772.39798,131.994,34,53
2248.10158,2378.63016,130.529,34,53
2404.45582,2625.46608,221.01,34,53
3052.2407,3494.21815,441.977,34,53
3860.68854,4311.86115,451.173,34,53
4686.80286,5118.23842,431.436,34,53
5569.66399,5745.61627,175.952,34,53
5805.17488,5922.15021,116.975,34,53
6402.44928,6524.84926,122.4,34,53
6613.66564,6728.53205,114.866,34,53
7211.90542,7324.05543,112.15,34,53
7402.42173,7547.10318,144.681,34,53
8016.18988,8420.97788,404.788,34,53
217.00353,390.03787,173.034,34,54
503.02493,733.35813,230.333,34,54
1002.2681,1120.45135,118.183,34,54
1278.03133,1390.18226,112.151,34,54
1422.72565,1517.82309,95.097,34,54
1788.1568,1844.94525,56.788,34,54
2058.69426,2149.49883,90.805,34,54
2216.31247,2301.71563,85.403,34,54
2841.59022,2927.02241,85.432,34,54
2993.14391,3084.53301,91.389,34,54
3295.26706,3355.33291,60.066,34,54
3625.52021,3722.35405,96.834,34,54
3750.41724,3865.01271,114.595,34,54
4019.99112,4141.15424,121.163,34,54
4410.00266,4639.53802,229.535,34,54
4750.89395,4926.3996,175.506,34,54
5194.82018,5399.29582,204.476,34,54
5496.55568,5711.3905,214.835,34,54
5979.88159,6139.00483,159.123,34,54
6262.2752,6496.1147,233.839,34,54
6765.22177,6867.32356,102.102,34,54
7039.39061,7142.68988,103.299,34,54
7190.97945,7280.44739,89.468,34,54
7551.58079,7590.6858,39.105,34,54
7820.84792,7909.06317,88.215,34,54
7978.21407,8064.1091,85.895,34,54
8604.09096,8640,35.909,34,54
0,46.01417,46.014,34,56
93.0869,337.49283,244.406,34,56
620.28553,763.93179,143.646,34,56
873.15656,1124.97984,251.823,34,56
1422.37362,1465.62144,43.248,34,56
1658.30639,1764.27388,105.967,34,56
1820.91534,1911.90069,90.985,34,56
2444.39216,2535.30152,90.909,34,56
2607.48501,2698.42639,90.941,34,56
3230.91579,3321.90158,90.986,34,56
3378.5666,3484.52076,105.954,34,56
3677.10248,3720.44447,43.342,34,56
4017.83954,4269.69384,251.854,34,56
4378.78294,4522.51458,143.732,34,56
4805.33475,5049.83707,244.502,34,56
5096.61634,5312.89508,216.279,34,56
5593.93262,5792.39751,198.465,34,56
5853.10929,6101.09741,247.988,34,56
6385.55968,6506.5822,121.023,34,56
6635.8399,6888.40824,252.568,34,56
7421.37997,7521.44499,100.065,34,56
7585.87888,7675.22212,89.343,34,56
8207.61561,8297.068,89.452,34,56
8368.24195,8461.6544,93.412,34,56
0,95.92603,95.926,34,55
525.84348,663.89481,138.051,34,55
782.04416,920.86822,138.824,34,55
1350.48686,1489.02219,138.535,34,55
1606.63581,1745.852,139.216,34,55
2175.2011,2314.31035,139.109,34,55
2431.62519,2570.73947,139.114,34,55
3000.06831,3139.36962,139.301,34,55
3256.87397,3395.47181,138.598,34,55
3825.04712,3964.00292,138.956,34,55
4082.0243,4220.11584,138.092,34,55
4650.00406,4788.36263,138.359,34,55
4906.80366,5044.80902,138.005,34,55
5474.8233,5612.81284,137.99,34,55
5731.24437,5869.65025,138.406,34,55
6299.50164,6437.6475,138.146,34,55
6555.64485,6694.61929,138.974,34,55
7124.14917,7262.85869,138.71,34,55
7380.3376,7519.5908,139.253,34,55
7948.90082,8088.12514,139.224,34,55
8205.42755,8344.43696,139.009,34,55
352.98503,753.29135,400.306,35,51
1157.58003,1604.2943,446.714,35,51
1968.19335,2417.86783,449.674,35,51
2804.25676,3223.19655,418.94,35,51
3685.99205,3842.09479,156.103,35,51
3913.83993,4027.21946,113.38,35,51
4509.58315,4627.16541,117.582,35,51
4716.65641,4835.09826,118.442,35,51
5317.11286,5431.01965,113.907,35,51
5500.66266,5660.27902,159.616,35,51
6121.0933,6543.04718,421.954,35,51
6926.61035,7376.7038,450.093,35,51
7740.91587,8186.81591,445.9,35,51
8595.56813,8640,44.432,35,51
0,22.93251,22.933,35,52
389.52484,840.72251,451.198,35,52
1215.39606,1647.13752,431.741,35,52
2098.13739,2274.82352,176.686,35,52
2333.91605,2451.04968,117.134,35,52
2931.27019,3053.84394,122.574,35,52
3142.61274,3257.39302,114.78,35,52
3740.79507,3852.92041,112.125,35,52
3931.50085,4075.8006,144.3,35,52
4545.09279,4949.25449,404.162,35,52
5349.79908,5797.16971,447.371,35,52
6160.88189,6610.13612,449.254,35,52
6999.24865,7415.30998,416.061,35,52
7879.72438,8032.93036,153.206,35,52
8106.3879,8219.37884,112.991,35,52
0,70.95038,70.95,35,53
504.09461,712.30605,208.211,35,53
749.36347,875.00227,125.639,35,53
1351.92218,1481.46557,129.543,35,53
1567.63634,1680.25731,112.621,35,53
2164.21772,2276.35489,112.137,35,53
2360.75161,2494.08486,133.333,35,53
2969.114,3103.68717,134.573,35,53
3120.67814,3349.93151,229.253,35,53
3773.30593,4216.13778,442.832,35,53
4582.04181,5033.07165,451.03,35,53
5409.41099,5839.26705,429.856,35,53
6292.73088,6465.16507,172.434,35,53
6526.94126,6643.18044,116.239,35,53
7123.85549,7245.41598,121.56,35,53
7334.44473,7449.75925,115.315,35,53
7932.97917,8045.27541,112.296,35,53
8122.53641,8269.17224,146.636,35,53
152.34757,364.72704,212.379,35,54
461.45253,668.90283,207.45,35,54
937.3626,1108.70919,171.347,35,54
1222.88015,1453.70432,230.824,35,54
1722.63598,1838.82857,116.193,35,54
1998.18268,2108.93949,110.757,35,54
2144.04615,2238.15366,94.108,35,54
2508.56626,2563.18627,54.62,35,54
2778.95602,2869.3878,90.432,35,54
2936.60255,3022.01946,85.417,35,54
3561.89928,3647.35143,85.452,35,54
3712.98579,3804.78404,91.798,35,54
4013.50574,4075.75288,62.247,35,54
4345.85289,4444.11931,98.266,35,54
4468.70595,4585.14118,116.435,35,54
4738.38302,4861.52973,123.147,35,54
5130.3484,5359.34063,228.992,35,54
5469.61471,5646.76277,177.148,35,54
5915.17417,6118.41798,203.244,35,54
6215.95868,6431.74441,215.786,35,54
6700.24217,6857.56644,157.324,35,54
6982.24161,7216.45715,234.216,35,54
7485.59291,7585.66097,100.068,35,54
7759.5823,7862.03007,102.448,35,54
7911.7552,8000.77197,89.017,35,54
8272.04396,8308.86271,36.819,35,54
8541.126,8629.07836,87.952,35,54
0,9.70128,9.701,35,56
68.62309,269.41889,200.796,35,56
550.40222,764.44094,214.039,35,56
812.96637,1057.94692,244.981,35,56
1340.91007,1481.80815,140.898,35,56
1593.47994,1845.41022,251.93,35,56
2144.57163,2181.88068,37.309,35,56
2378.68717,2483.81304,105.126,35,56
2541.62912,2632.31711,90.688,35,56
3164.79317,3255.46681,90.674,35,56
3327.63591,3418.83124,91.195,35,56
3951.33091,4042.65101,91.32,35,56
4098.07445,4204.90869,106.834,35,56
4393.69351,4442.30374,48.61,35,56
4738.27103,4990.02907,251.758,35,56
5096.66235,5243.12237,146.46,35,56
5525.79288,5769.70994,243.917,35,56
5815.05189,6033.38272,218.331,35,56
6314.44846,6510.56324,196.115,35,56
6573.23565,6821.54373,248.308,35,56
7106.27235,7224.34911,118.077,35,56
7356.18869,7608.83445,252.646,35,56
8141.76827,8241.21296,99.445,35,56
8306.39373,8395.6357,89.242,35,56
422.84487,560.88111,138.036,35,55
679.36302,817.64084,138.278,35,55
1247.55103,1385.61217,138.061,35,55
1503.7433,1642.58692,138.844,35,55
2072.19433,2210.75107,138.557,35,55
2328.34672,2467.56977,139.223,35,55
2896.91289,3036.03822,139.125,35,55
3153.34932,3292.45233,139.103,35,55
3721.78538,3861.08461,139.299,35,55
3978.60161,4117.17972,138.578,35,55
4546.76613,4685.70413,138.938,35,55
4803.74282,4941.82283,138.08,35,55
5371.72003,5510.05991,138.34,35,55
5628.50816,5766.51982,138.012,35,55
6196.53377,6334.51908,137.985,35,55
6452.94125,6591.36657,138.425,35,55
7021.20861,7159.36875,138.16,35,55
7277.34632,7416.33833,138.992,35,55
7845.85743,7984.58887,138.731,35,55
8102.05266,8241.30754,139.255,35,55
269.68451,381.7866,112.102,36,51
460.57843,604.50061,143.922,36,51
1073.99572,1477.52572,403.53,36,51
1878.6827,2325.94743,447.265,36,51
2689.68516,3139.01305,449.328,36,51
3527.65413,3944.21215,416.558,36,51
4408.36355,4562.04192,153.678,36,51
4635.22145,4748.27275,113.051,36,51
5230.86948,5347.86161,116.992,36,51
5437.30668,5556.42308,119.116,36,51
6038.15681,6152.51378,114.357,36,51
6220.49307,6382.8629,162.37,36,51
6842.11261,7266.12447,424.012,36,51
7647.77686,8098.14086,450.364,36,51
8462.65273,8640,177.347,36,51
302.19752,744.86186,442.664,36,52
1110.87451,1561.93535,451.061,36,52
1937.9851,2368.16667,430.182,36,52
2821.23072,2994.35556,173.125,36,52
3055.6987,3172.07928,116.381,36,52
3652.68062,3774.40668,121.726,36,52
3863.39593,3978.6177,115.222,36,52
4461.86991,4574.13366,112.264,36,52
4651.62252,4797.85744,146.235,36,52
5266.10411,5673.32089,407.217,36,52
6070.91002,6518.78421,447.874,36,52
6882.40413,7331.27144,448.867,36,52
7722.82312,8136.32406,413.501,36,52
8602.00077,8640,37.999,36,52
352.88749,792.00244,439.115,36,53
1228.20791,1430.76565,202.558,36,53
1472.19653,1596.01797,123.821,36,53
2073.50896,2201.8837,128.375,36,53
2288.56175,2401.40909,112.847,36,53
2885.33651,2997.37353,112.037,36,53
3081.0741,3215.80963,134.736,36,53
3690.12572,4074.46175,384.336,36,53
4494.3761,4938.00986,443.634,36,53
5303.41327,5754.27111,450.858,36,53
6132.11797,6560.29323,428.175,36,53
7015.67096,7184.7918,169.121,36,53
7248.63229,7364.21355,115.581,36,53
7845.24091,7966.00267,120.762,36,53
8055.20401,8170.99937,115.795,36,53
87.93454,320.38258,232.448,36,54
438.91182,604.21212,165.3,36,54
872.7001,1084.02821,211.328,36,54
1180.67558,1389.25936,208.584,36,54
1657.72192,1827.36509,169.643,36,54
1942.75097,2174.05006,231.299,36,54
2443.00417,2557.20029,114.196,36,54
2718.33976,2827.81407,109.474,36,54
2865.25456,2958.48354,93.229,36,54
3228.97969,3281.42178,52.442,36,54
3499.22002,3589.29353,90.074,36,54
3656.87731,3742.32202,85.445,36,54
4282.20944,4367.6966,85.487,36,54
4432.80937,4525.03243,92.223,36,54
4731.75047,4796.16874,64.418,36,54
5066.18614,5166.22081,100.035,36,54
5186.65274,5305.26316,118.61,36,54
5456.78176,5581.90443,125.123,36,54
5850.69462,6079.12569,228.431,36,54
6188.35315,6367.12562,178.772,36,54
6635.52847,6837.51513,201.987,36,54
6935.38678,7152.09804,216.711,36,54
7420.60282,7576.11634,155.514,36,54
7702.21986,7936.79897,234.579,36,54
8205.96459,8303.99406,98.029,36,54
8479.77835,8581.41248,101.634,36,54
8632.493,8640,7.507,36,54
71.73731,198.68768,126.95,36,56
482.61135,729.80772,247.196,36,56
786.81679,989.92289,203.106,36,56
1270.89866,1482.82432,211.926,36,56
1532.88783,1778.39995,245.512,36,56
2061.54325,2199.67239,138.129,36,56
2313.80704,2565.84007,252.033,36,56
2867.2537,2897.65521,30.402,36,56
3099.06905,3203.38606,104.317,36,56
3262.31331,3352.73317,90.42,36,56
3885.19474,3975.64797,90.453,36,56
4047.77099,4139.23572,91.465,36,56
4671.74659,4763.43481,91.688,36,56
4817.54395,4925.29583,107.752,36,56
5110.49252,5163.95506,53.463,36,56
5458.70322,5710.3607,251.657,36,56
5814.55195,5963.72269,149.171,36,56
6246.25226,6489.5346,243.282,36,56
6533.5364,6753.86826,220.332,36,56
7034.96745,7228.70708,193.74,36,56
7293.38173,7541.98912,248.607,36,56
7826.99971,7942.09925,115.1,36,56
8076.53995,8329.26026,252.72,36,56
319.70496,458.18011,138.475,36,55
576.56672,714.54767,137.981,36,55
1144.55661,1282.58434,138.028,36,55
1401.06081,1539.35599,138.295,36,55
1969.25849,2107.32989,138.071,36,55
2225.44269,2364.30569,138.863,36,55
2793.90188,2932.48013,138.578,36,55
3050.05827,3189.28744,139.229,36,55
3618.62488,3757.76592,139.141,36,55
3875.07385,4014.165,139.091,36,55
4443.50261,4582.79912,139.297,36,55
4700.32925,4838.88767,138.558,36,55
5268.48513,5407.40491,138.92,36,55
5525.46096,5663.52995,138.069,36,55
6093.43584,6231.75722,138.321,36,55
6350.21238,6488.2309,138.019,36,55
6918.24407,7056.22584,137.982,36,55
7174.638,7313.08305,138.445,36,55
7742.91552,7881.09058,138.175,36,55
7999.04817,8138.05739,139.009,36,55
8567.5658,8640,72.434,36,55
181.50495,303.39807,121.893,37,51
392.34626,507.47671,115.13,37,51
990.76043,1102.99321,112.233,37,51
1180.70698,1326.54525,145.838,37,51
1795.00694,2201.62128,406.614,37,51
2599.7923,3047.56823,447.776,37,51
3411.20216,3860.15008,448.948,37,51
4251.19841,4665.22646,414.028,37,51
5130.65522,5282.03273,151.378,37,51
5356.56094,5469.33048,112.77,37,51
5952.14077,6068.57717,116.436,37,51
6157.93746,6277.7656,119.828,37,51
6759.19716,6874.0624,114.865,37,51
6940.26694,7105.5484,165.281,37,51
7563.13379,7989.07891,425.945,37,51
8368.95297,8640,271.047,37,51
219.02858,602.65375,383.625,37,52
1023.26674,1466.7433,443.477,37,52
1832.2423,2283.13695,450.895,37,52
2660.67155,3089.19331,428.522,37,52
3544.19563,3713.96727,169.772,37,52
3777.40408,3893.11179,115.708,37,52
4374.07014,4494.98941,120.919,37,52
4584.15914,4699.85517,115.696,37,52
5182.93945,5295.381,112.442,37,52
5371.70874,5519.97698,148.268,37,52
5987.11611,6397.23733,410.121,37,52
6792.02812,7240.36854,448.34,37,52
7603.95314,8052.39886,448.446,37,52
8446.54956,8640,193.45,37,52
254.16839,705.62297,451.455,37,53
1075.02718,1513.05041,438.023,37,53
1952.17017,2149.49923,197.329,37,53
2194.75933,2317.03511,122.276,37,53
2795.06556,2922.32434,127.259,37,53
3009.46505,3122.57021,113.105,37,53
3606.4479,3718.41763,111.97,37,53
3801.3704,3937.57489,136.204,37,53
4411.1368,4799.02016,387.883,37,53
5215.45146,5659.83739,444.386,37,53
6024.80402,6475.45978,450.656,37,53
6854.93095,7281.31702,426.386,37,53
7738.49228,7904.48831,165.996,37,53
7970.25576,8085.24975,114.994,37,53
8566.60655,8640,73.393,37,53
23.86538,115.94426,92.079,37,54
156.47236,264.27875,107.806,37,54
428.12895,539.26581,111.137,37,54
808.27838,1040.27982,232.001,37,54
1157.53719,1324.57767,167.04,37,54
1593.05298,1803.30373,210.251,37,54
1899.92434,2109.61546,209.691,37,54
2378.0815,2546.00607,167.925,37,54
2662.63682,2894.39534,231.759,37,54
3163.37265,3275.56666,112.194,37,54
3438.50236,3546.78554,108.283,37,54
3586.37118,3678.81267,92.441,37,54
3949.39761,3999.65125,50.254,37,54
4219.4862,4309.2157,89.729,37,54
4377.13689,4462.62328,85.486,37,54
5002.52061,5088.05813,85.538,37,54
5152.61415,5245.27808,92.664,37,54
5450.00107,5516.58104,66.58,37,54
5786.51989,5888.93392,102.414,37,54
5903.98166,6025.37818,121.397,37,54
6175.18773,6302.27855,127.091,37,54
6571.04102,6798.89282,227.852,37,54
6907.10959,7087.48811,180.379,37,54
7355.8829,7556.58754,200.705,37,54
7654.8397,7872.45115,217.611,37,54
8140.96379,8294.65493,153.691,37,54
8422.20961,8640,217.79,37,54
415.69236,667.9712,252.279,37,56
789.54885,919.34983,129.801,37,56
1203.06238,1449.88985,246.827,37,56
1505.03629,1710.42417,205.388,37,56
1991.39759,2201.16789,209.77,37,56
2252.84757,2498.85194,246.004,37,56
2782.18577,2917.52423,135.338,37,56
3034.13788,3286.26938,252.132,37,56
3590.87461,3612.49039,21.616,37,56
3819.45187,3922.99122,103.539,37,56
3982.96955,4073.14886,90.179,37,56
4605.59687,4695.84496,90.248,37,56
4767.89016,4859.63982,91.75,37,56
5392.16271,5484.25566,92.093,37,56
5536.97192,5645.68211,108.71,37,56
5827.44763,5885.45089,58.003,37,56
6179.13606,6430.68852,251.552,37,56
6532.45167,6684.31618,151.865,37,56
6966.71305,7209.30653,242.593,37,56
7252.07421,7474.35179,222.278,37,56
7755.48979,7946.83056,191.341,37,56
8013.54572,8262.43373,248.888,37,56
8547.74322,8640,92.257,37,56
216.45208,355.49158,139.039,37,55
473.42471,611.58109,138.156,37,55
1041.42184,1179.87708,138.455,37,55
1298.27404,1436.25742,137.983,37,55
1866.26819,2004.28802,138.02,37,55
2122.75837,2261.07125,138.313,37,55
2690.96587,2829.04824,138.082,37,55
2947.14229,3086.02451,138.882,37,55
3515.60952,3654.20945,138.6,37,55
3771.77017,3911.00498,139.235,37,55
4340.33705,4479.49321,139.156,37,55
4596.79873,4735.87748,139.079,37,55
5165.21998,5304.51313,139.293,37,55
5422.0567,5560.59543,138.539,37,55
5990.20409,6129.1053,138.901,37,55
6247.17867,6385.2372,138.059,37,55
6815.15147,6953.4547,138.303,37,55
7071.91601,7209.94202,138.026,37,55
7639.95418,7777.93305,137.979,37,55
7896.33474,8034.79969,138.465,37,55
8464.62239,8602.81288,138.19,37,55
72.71567,243.14543,170.43,38,51
306.1732,422.01019,115.837,38,51
902.89859,1023.97677,121.078,38,51
1113.11347,1228.71155,115.598,38,51
1711.83101,1824.23363,112.403,38,51
1900.80053,2048.65182,147.851,38,51
2516.01879,2925.56822,409.549,38,51
3320.90893,3769.1585,448.25,38,51
4132.74572,4581.27906,448.533,38,51
4974.89402,5386.23968,411.346,38,51
5852.87279,6002.06443,149.192,38,51
6077.86105,6190.39295,112.532,38,51
6673.39772,6789.31219,115.914,38,51
6878.54859,6999.12663,120.578,38,51
7480.23413,7595.6709,115.437,38,51
7659.97896,7828.34273,168.364,38,51
8284.15697,8640,355.843,38,51
135.33131,247.31193,111.981,38,52
330.41919,466.32291,135.904,38,52
940.03976,1327.20947,387.17,38,52
1744.34103,2188.57955,444.239,38,52
2553.62904,3004.32778,450.699,38,52
3383.46266,3810.21756,426.755,38,52
4267.04022,4433.6503,166.61,38,52
4499.04053,4614.14736,115.107,38,52
5095.43968,5215.59195,120.152,38,52
5304.90282,5421.10606,116.203,38,52
5904.00396,6016.66459,112.661,38,52
6091.75754,6242.1635,150.406,38,52
6708.12889,7121.0003,412.871,38,52
7513.1537,7961.92421,448.771,38,52
8325.53052,8640,314.469,38,52
168.02426,606.00081,437.977,38,53
975.44204,1426.89719,451.455,38,53
1797.2323,2234.09469,436.862,38,53
2675.97579,2868.44104,192.465,38,53
2917.11762,3038.05399,120.936,38,53
3516.59369,3642.78701,126.193,38,53
3730.34682,3843.74112,113.394,38,53
4327.5523,4439.48814,111.936,38,53
4521.63963,4659.38297,137.743,38,53
5132.14749,5523.56829,391.421,38,53
5936.53228,6381.62299,445.091,38,53
6746.2148,7196.63834,450.424,38,53
7577.85723,8002.3386,424.481,38,53
8461.20287,8624.24807,163.045,38,53
0,45.86144,45.861,38,54
113.60171,203.50395,89.902,38,54
422.38204,473.60243,51.22,38,54
744.19516,837.01654,92.821,38,54
875.48173,984.43707,108.955,38,54
1146.48898,1259.64512,113.156,38,54
1528.62257,1760.1625,231.54,38,54
1876.17721,2044.94285,168.766,38,54
2313.406,2522.55339,209.147,38,54
2619.19906,2829.9712,210.772,38,54
3098.44114,3264.63279,166.192,38,54
3382.53731,3614.74017,232.203,38,54
3883.74169,3993.92788,110.186,38,54
4158.67008,4265.83926,107.169,38,54
4307.41051,4399.14111,91.731,38,54
4669.82068,4717.87438,48.054,38,54
4939.75449,5029.15399,89.399,38,54
5097.38162,5182.92322,85.542,38,54
5722.83278,5808.43658,85.604,38,54
5872.39962,5965.5209,93.121,38,54
6168.2573,6236.99004,68.733,38,54
6506.85417,6613.67327,106.819,38,54
6619.27825,6745.48622,126.208,38,54
6893.60107,7022.65198,129.051,38,54
7291.38771,7518.64139,227.254,38,54
7625.88471,7807.85023,181.966,38,54
8076.23751,8275.63546,199.398,38,54
8374.31725,8592.80403,218.487,38,54
349.26047,439.20517,89.945,38,56
500.19495,602.96175,102.767,38,56
818.35485,825.39404,7.039,38,56
1136.12049,1388.32126,252.201,38,56
1507.37278,1640.00142,132.629,38,56
1923.51451,2169.94521,246.431,38,56
2223.28415,2430.92305,207.639,38,56
2711.89906,2919.47524,207.576,38,56
2972.84212,3219.30293,246.461,38,56
3502.83816,3635.36344,132.525,38,56
3754.47222,4006.69812,252.226,38,56
4318.62191,4323.19841,4.576,38,56
4539.8356,4642.62669,102.791,38,56
4703.59945,4793.56421,89.965,38,56
5325.99954,5416.05779,90.058,38,56
5487.99329,5580.04353,92.05,38,56
6112.57939,6205.11668,92.537,38,56
6256.35527,6366.06755,109.712,38,56
6544.52452,6606.82512,62.301,38,56
6899.56974,7151.0122,251.442,38,56
7250.36133,7404.90312,154.542,38,56
7687.17516,7929.02104,241.846,38,56
7970.67009,8194.83342,224.163,38,56
8476.0156,8640,163.984,38,56
113.20156,252.50427,139.303,38,55
369.96238,508.63858,138.676,38,55
938.17106,1077.19461,139.024,38,55
1195.14549,1333.2879,138.142,38,55
1763.13858,1901.5742,138.436,38,55
2019.98083,2157.9674,137.987,38,55
2587.97958,2725.99215,138.013,38,55
2844.45584,2982.7867,138.331,38,55
3412.67317,3550.76709,138.094,38,55
3668.84223,3807.74339,138.901,38,55
4237.31725,4375.93902,138.622,38,55
4493.48273,4632.72241,139.24,38,55
5062.04942,5201.22028,139.171,38,55
5318.52394,5457.58976,139.066,38,55
5886.93749,6026.22658,139.289,38,55
6143.78412,6282.303,138.519,38,55
6711.92303,6850.80542,138.882,38,55
6968.89589,7106.94443,138.049,38,55
7536.86693,7675.15228,138.285,38,55
7793.61932,7931.65344,138.034,38,55
8361.66411,8499.64081,137.977,38,55
8618.0315,8640,21.969,38,55
