0,126.15947,126.159,G1,11
594.8108,740.05034,145.24,G1,11
818.2311,930.48496,112.254,G1,11
1413.66522,1528.71375,115.049,G1,11
1617.64769,1739.9313,122.284,G1,11
2220.15627,2337.01397,116.858,G1,11
2397.20482,2572.38742,175.183,G1,11
3024.12258,3455.00543,430.883,G1,11
3830.51416,4281.47907,450.965,G1,11
4648.05671,5090.05654,442,G1,11
5515.9681,5738.67272,222.705,G1,11
5762.91175,5894.26227,131.351,G1,11
6369.63155,6502.03333,132.402,G1,11
6586.99325,6699.30365,112.31,G1,11
7183.12183,7295.66594,112.544,G1,11
7381.48514,7512.05016,130.565,G1,11
7988.33769,8115.65109,127.313,G1,11
8149.02447,8361.85016,212.826,G1,11
0,42.46377,42.464,G1,12
444.86284,847.17225,402.309,G1,12
1316.83761,1460.19364,143.356,G1,12
1539.42763,1651.56497,112.137,G1,12
2134.88547,2249.51003,114.625,G1,12
2338.20121,2461.35706,123.156,G1,12
2941.18638,3058.84509,117.659,G1,12
3116.69179,3295.55397,178.862,G1,12
3745.15521,4177.54347,432.388,G1,12
4551.73572,5002.82141,451.086,G1,12
5370.01697,5811.12007,441.103,G1,12
6240.33971,6455.9708,215.631,G1,12
6486.90204,6615.27719,128.375,G1,12
7091.29436,7222.40212,131.108,G1,12
7307.97102,7420.43866,112.468,G1,12
7904.26047,8016.63341,112.373,G1,12
8101.86441,8233.69776,131.833,G1,12
317.24203,763.56616,446.324,G1,13
1169.12198,1568.18475,399.063,G1,13
2038.8082,2180.36952,141.561,G1,13
2260.59273,2372.65074,112.058,G1,13
2856.09379,2970.32644,114.233,G1,13
3058.73437,3182.80556,124.071,G1,13
3662.21404,3780.77007,118.556,G1,13
3836.08211,4018.85978,182.778,G1,13
4466.19057,4899.99448,433.804,G1,13
5272.96937,5724.14699,451.178,G1,13
6092.03008,6532.17914,440.149,G1,13
6964.5978,7173.95778,209.36,G1,13
7210.20766,7336.29327,126.086,G1,13
7812.92277,7942.79474,129.872,G1,13
8028.92546,8141.58212,112.657,G1,13
8625.39086,8640,14.609,G1,13
224.56975,674.48508,449.915,G1,14
1038.9446,1484.66217,445.718,G1,14
1893.49325,2289.19711,395.704,G1,14
2760.72592,2900.57646,139.851,G1,14
2981.72777,3093.74257,112.015,G1,14
3577.29072,3691.16325,113.873,G1,14
3779.24684,3904.27808,125.031,G1,14
4383.23932,4502.80366,119.564,G1,14
4555.361,4742.3117,186.951,G1,14
5187.22914,5622.3643,435.135,G1,14
5994.21561,6445.45632,451.241,G1,14
6814.09956,7253.23392,439.134,G1,14
7688.72257,7892.3613,203.639,G1,14
7933.10119,8057.31069,124.21,G1,14
8534.5189,8640,105.481,G1,14
140.01722,563.8525,423.835,G1,15
945.73843,1395.92462,450.186,G1,15
1760.68407,2205.75218,445.068,G1,15
2617.9511,3010.20944,392.258,G1,15
3482.59434,3620.81308,138.219,G1,15
3702.8341,3814.84076,112.007,G1,15
4298.47679,4412.02077,113.544,G1,15
4499.73833,4625.77586,126.038,G1,15
5104.26247,5224.96496,120.702,G1,15
5274.50892,5465.91508,191.406,G1,15
5908.27097,6344.65837,436.387,G1,15
6715.475,7166.75038,451.275,G1,15
7536.22921,7974.28473,438.056,G1,15
8412.70105,8611.05421,198.353,G1,15
57.04879,171.98013,114.931,G1,16
238.27004,403.64716,165.377,G1,16
861.04027,1286.80492,425.765,G1,16
1666.91667,2117.34279,450.426,G1,16
2482.46248,2926.83623,444.374,G1,16
3342.46387,3731.22187,388.758,G1,16
4204.41639,4341.07809,136.662,G1,16
4423.91278,4535.94562,112.033,G1,16
5019.65248,5132.89936,113.247,G1,16
5220.20833,5347.30048,127.092,G1,16
5825.2837,5947.28071,121.997,G1,16
5993.49915,6189.67313,196.174,G1,16
6629.3163,7066.88163,437.565,G1,16
7436.74819,7888.02975,451.282,G1,16
8258.42316,8640,381.577,G1,16
0,87.18082,87.181,G1,17
176.48057,297.14384,120.663,G1,17
778.08765,893.58983,115.502,G1,17
957.98552,1126.44192,168.456,G1,17
1582.06531,2009.64298,427.578,G1,17
2388.1051,2838.74064,450.636,G1,17
3204.28236,3647.91483,443.632,G1,17
4066.99577,4452.23471,385.239,G1,17
4926.19492,5061.37048,135.176,G1,17
5144.96494,5257.0575,112.093,G1,17
5740.81826,5853.79939,112.981,G1,17
5940.65651,6068.85333,128.197,G1,17
6546.3032,6669.78847,123.485,G1,17
6712.29375,6913.58565,201.292,G1,17
7350.36534,7789.03872,438.673,G1,17
8158.03578,8609.29506,451.259,G1,17
0,19.94133,19.941,G1,18
97.00133,209.41043,112.409,G1,18
692.4325,807.93738,115.505,G1,18
897.0741,1018.52731,121.453,G1,18
1499.12343,1615.26533,116.142,G1,18
1677.63298,1849.35279,171.72,G1,18
2303.09273,2732.37423,429.281,G1,18
3109.30412,3560.1191,450.815,G1,18
3926.14626,4368.98825,442.842,G1,18
4791.50935,5022.97194,231.463,G1,18
5037.32901,5173.24816,135.919,G1,18
5647.9325,5781.68921,133.757,G1,18
5865.9914,5978.17672,112.185,G1,18
6461.97456,6574.72141,112.747,G1,18
6661.08232,6790.43597,129.354,G1,18
7267.32108,7392.54635,125.225,G1,18
7430.83466,7637.64805,206.813,G1,18
8071.41834,8511.13386,439.716,G1,18
262.40955,472.58173,210.172,G1,21
508.28278,634.70378,126.421,G1,21
1111.07944,1241.21166,130.132,G1,21
1327.3306,1440.03253,112.702,G1,21
1923.69152,2036.01558,112.324,G1,21
2120.7671,2253.83211,133.065,G1,21
2728.74134,2861.72087,132.98,G1,21
2882.61082,3108.59189,225.981,G1,21
3533.02276,3975.20597,442.183,G1,21
4341.78356,4792.51609,450.733,G1,21
5168.85271,5598.88678,430.034,G1,21
6051.30672,6225.07545,173.769,G1,21
6286.29653,6402.90712,116.611,G1,21
6883.13144,7005.13936,122.008,G1,21
7094.22621,7209.54398,115.318,G1,21
7692.50483,7804.88772,112.383,G1,21
7882.67125,8028.84089,146.17,G1,21
8496.85859,8640,143.141,G1,21
112.49078,551.58807,439.097,G1,22
986.53677,1190.946,204.409,G1,22
1231.22004,1355.72288,124.503,G1,22
1832.68308,1961.62657,128.943,G1,22
2048.26733,2161.18586,112.919,G1,22
2644.81731,2757.02953,112.212,G1,22
2841.10285,2975.55053,134.448,G1,22
3449.75697,3589.29044,139.533,G1,22
3596.32795,3833.05313,236.725,G1,22
4254.0952,4697.09879,443.004,G1,22
5063.15365,5513.72356,450.57,G1,22
5891.52565,6319.91749,428.392,G1,22
6774.28708,6944.68408,170.397,G1,22
7008.01441,7123.94315,115.929,G1,22
7604.52946,7725.72358,121.194,G1,22
7814.99611,7930.78474,115.789,G1,22
8413.57922,8526.13384,112.555,G1,22
8602.76778,8640,37.232,G1,22
13.91394,465.01459,451.101,G1,23
834.61387,1272.64116,438.027,G1,23
1710.52208,1909.61104,199.089,G1,23
1953.86035,2076.74327,122.883,G1,23
2554.2559,2682.06407,127.808,G1,23
2769.18179,2882.34845,113.167,G1,23
3365.93554,3478.06867,112.133,G1,23
3561.41288,3697.30847,135.896,G1,23
4170.77202,4557.55271,386.781,G1,23
4975.17269,5418.94612,443.773,G1,23
5784.54275,6234.92016,450.377,G1,23
6614.30079,7040.94576,426.645,G1,23
7497.14773,7664.36468,167.217,G1,23
7729.66242,7844.98222,115.32,G1,23
8325.90729,8446.32757,120.42,G1,23
8535.7463,8640,104.254,G1,23
0,364.95144,364.951,G1,24
735.18745,1186.29821,451.111,G1,24
1556.80054,1993.69046,436.89,G1,24
2434.35769,2628.50046,194.143,G1,24
2676.27986,2797.76537,121.486,G1,24
3275.79962,3402.52385,126.724,G1,24
3490.07458,3603.52071,113.446,G1,24
4087.04655,4199.13376,112.087,G1,24
4281.69621,4419.10846,137.412,G1,24
4891.78654,5282.05465,390.268,G1,24
5696.25557,6140.75076,444.495,G1,24
6505.9516,6956.10643,450.155,G1,24
7337.18511,7761.97185,424.787,G1,24
8219.89636,8384.11035,164.214,G1,24
8451.24741,8566.02456,114.777,G1,24
11.15298,211.72189,200.569,G1,25
648.7797,1087.11939,438.34,G1,25
1456.47526,1907.56769,451.092,G1,25
2279.05509,2714.73621,435.681,G1,25
3158.04074,3347.56688,189.526,G1,25
3398.52587,3518.78928,120.263,G1,25
3997.31565,4123.0052,125.69,G1,25
4210.94607,4324.70311,113.757,G1,25
4808.15076,4920.22587,112.075,G1,25
5001.95177,5140.95315,139.001,G1,25
5612.8008,6006.52251,393.722,G1,25
6417.34411,6862.5149,445.171,G1,25
7227.38124,7677.28267,449.901,G1,25
8060.18612,8482.99584,422.81,G1,25
0,88.89223,88.892,G1,26
565.6888,690.70181,125.013,G1,26
729.74182,935.7488,206.007,G1,26
1369.83404,1809.2251,439.391,G1,26
2177.77798,2628.82365,451.046,G1,26
3001.38225,3435.77839,434.396,G1,26
3881.57247,4066.77791,185.205,G1,26
4120.63031,4239.81529,119.185,G1,26
4718.80551,4843.50779,124.702,G1,26
4931.79671,5045.89606,114.099,G1,26
5529.24834,5641.34604,112.098,G1,26
5722.17842,5862.84549,140.667,G1,26
6333.81495,6730.92285,397.108,G1,26
7138.4385,7584.24105,445.803,G1,26
7948.83265,8398.44935,449.617,G1,26
481.41575,594.05968,112.644,G1,27
680.02154,810.50504,130.483,G1,27
1286.70744,1413.7445,127.037,G1,27
1447.99948,1659.91436,211.915,G1,27
2090.89244,2531.27234,440.38,G1,27
2899.09655,3350.06666,450.97,G1,27
3723.78713,4156.81743,433.03,G1,27
4604.95667,4786.11051,181.154,G1,27
4842.6163,4960.84344,118.227,G1,27
5440.27062,5564.03123,123.761,G1,27
5652.62672,5767.1002,114.473,G1,27
6250.33968,6362.49546,112.156,G1,27
6442.37487,6584.78857,142.414,G1,27
7054.82911,7455.22708,400.398,G1,27
7859.53924,8305.93122,446.392,G1,27
389.44323,520.82001,131.377,G1,28
606.37105,718.88802,112.517,G1,28
1202.55779,1315.02587,112.468,G1,28
1400.40638,1532.15102,131.745,G1,28
2007.72489,2137.28179,129.557,G1,28
2165.75836,2384.20281,218.444,G1,28
2811.95536,3253.26487,441.31,G1,28
3620.43139,4071.29732,450.866,G1,28
4446.27537,4877.85356,431.578,G1,28
5328.19912,5505.54746,177.348,G1,28
5564.50069,5681.87401,117.373,G1,28
6161.7122,6284.5752,122.863,G1,28
6373.43649,6488.31599,114.879,G1,28
6971.42508,7083.67546,112.25,G1,28
7162.53968,7306.78576,144.246,G1,28
7775.84362,8179.4131,403.569,G1,28
8580.64647,8640,59.354,G1,28
0,339.11379,339.114,G1,31
795.57552,962.81339,167.238,G1,31
1027.81594,1143.04093,115.225,G1,31
1624.26713,1744.57127,120.304,G1,31
1833.85656,1949.95499,116.098,G1,31
2432.89227,2545.50364,112.611,G1,31
2620.85462,2770.81757,149.963,G1,31
3237.02726,3649.35172,412.324,G1,31
4042.02859,4490.71444,448.686,G1,31
4854.31182,5302.39602,448.084,G1,31
5698.73257,6107.24777,408.515,G1,31
6575.01438,6722.13199,147.118,G1,31
6799.11807,6911.456,112.338,G1,31
7394.63635,7510.06227,115.426,G1,31
7599.13594,7720.50229,121.366,G1,31
8201.26379,8317.33794,116.074,G1,31
8379.62162,8551.24537,171.624,G1,31
0,254.37348,254.373,G1,32
634.87033,1060.13632,425.266,G1,32
1518.32994,1682.54829,164.218,G1,32
1749.40222,1864.07909,114.677,G1,32
2345.62146,2465.18949,119.568,G1,32
2554.58463,2671.217,116.632,G1,32
3153.95297,3266.81753,112.865,G1,32
3340.87197,3493.06104,152.189,G1,32
3958.04083,4372.99273,414.952,G1,32
4763.1603,5212.24838,449.088,G1,32
5575.91286,6023.51,447.597,G1,32
6422.73354,6828.25934,405.526,G1,32
7297.09831,7442.23829,145.14,G1,32
7520.34616,7632.52846,112.182,G1,32
8115.86659,8230.83662,114.97,G1,32
8319.7075,8441.90338,122.196,G1,32
0,160.87802,160.878,G1,33
525.27563,975.54622,450.271,G1,33
1357.86779,1781.15682,423.289,G1,33
2240.97816,2402.34302,161.365,G1,33
2470.93081,2585.12069,114.19,G1,33
3066.95754,3185.82728,118.87,G1,33
3275.29321,3392.49361,117.2,G1,33
3875.00904,3988.1717,113.163,G1,33
4060.84746,4215.38073,154.533,G1,33
4679.05547,5096.48378,417.428,G1,33
5484.3002,5933.75615,449.456,G1,33
6297.54507,6744.61708,447.072,G1,33
7146.88049,7549.27036,402.39,G1,33
8019.12195,8162.37893,143.257,G1,33
8241.54098,8353.60637,112.065,G1,33
0,28.92281,28.923,G1,34
436.47944,882.60135,446.122,G1,34
1246.72052,1696.70929,449.989,G1,34
2080.99092,2502.1754,421.184,G1,34
2963.52751,3122.19258,158.665,G1,34
3192.40652,3306.166,113.759,G1,34
3788.27624,3906.48451,118.208,G1,34
3995.98246,4113.78549,117.803,G1,34
4596.06093,4709.56917,113.508,G1,34
4780.77818,4937.78213,157.004,G1,34
5400.07155,5819.82997,419.758,G1,34
6205.44862,6655.23919,449.791,G1,34
7019.21014,7465.71749,446.507,G1,34
7871.16099,8270.28106,399.12,G1,34
352.9809,753.27969,400.299,G1,35
1157.5757,1604.28867,446.713,G1,35
1968.18816,2417.86339,449.675,G1,35
2804.24741,3223.19242,418.945,G1,35
3685.98472,3842.0927,156.108,G1,35
3913.8335,4027.21524,113.382,G1,35
4509.57838,4627.16116,117.583,G1,35
4716.65215,4835.09343,118.441,G1,35
5317.10866,5431.01302,113.904,G1,35
5500.66076,5660.2714,159.611,G1,35
6121.08916,6543.03825,421.949,G1,35
6926.60588,7376.69867,450.093,G1,35
7740.91013,8186.8116,445.901,G1,35
8595.55613,8640,44.444,G1,35
269.68023,381.78079,112.101,G1,36
460.57569,604.4941,143.918,G1,36
1073.9916,1477.51436,403.523,G1,36
1878.67842,2325.94187,447.263,G1,36
2689.67991,3139.00863,449.329,G1,36
3527.64437,3944.20801,416.564,G1,36
4408.3564,4562.0397,153.683,G1,36
4635.21514,4748.26859,113.053,G1,36
5230.86475,5347.85723,116.992,G1,36
5437.30248,5556.41822,119.116,G1,36
6038.15261,6152.507,114.354,G1,36
6220.49134,6382.85506,162.364,G1,36
6842.10847,7266.11575,424.007,G1,36
7647.77237,8098.13579,450.363,G1,36
8462.6469,8640,177.353,G1,36
181.49992,303.39408,121.894,G1,37
392.34166,507.47209,115.13,G1,37
990.75617,1102.9873,112.231,G1,37
1180.70434,1326.53869,145.834,G1,37
1795.00281,2201.61025,406.607,G1,37
2599.78795,3047.56274,447.775,G1,37
3411.19684,3860.14563,448.949,G1,37
4251.18831,4665.22233,414.034,G1,37
5130.64824,5282.03038,151.382,G1,37
5356.55475,5469.32632,112.772,G1,37
5952.13607,6068.57273,116.437,G1,37
6157.93332,6277.76069,119.827,G1,37
6759.19297,6874.05546,114.862,G1,37
6940.26538,7105.54031,165.275,G1,37
7563.12964,7989.07047,425.941,G1,37
8368.94846,8640,271.052,G1,37
72.70715,243.14419,170.437,G1,38
306.16594,422.00601,115.84,G1,38
902.89361,1023.97273,121.079,G1,38
1113.10893,1228.7069,115.598,G1,38
1711.82676,1824.22762,112.401,G1,38
1900.79799,2048.64512,147.847,G1,38
2516.01466,2925.55761,409.543,G1,38
3320.90456,3769.15309,448.249,G1,38
4132.74035,4581.27467,448.534,G1,38
4974.88357,5386.23555,411.352,G1,38
5852.86591,6002.06196,149.196,G1,38
6077.85497,6190.38871,112.534,G1,38
6673.39305,6789.30768,115.915,G1,38
6878.54451,6999.12168,120.577,G1,38
7480.22995,7595.66376,115.434,G1,38
7659.97759,7828.33439,168.357,G1,38
8284.15282,8640,355.847,G1,38
44.25344,161.65467,117.401,G2,11
643.96274,757.26151,113.299,G2,11
829.72412,984.84977,155.126,G2,11
1448.05689,1865.81097,417.754,G2,11
2253.38424,2702.73188,449.348,G2,11
3066.80048,3513.57961,446.779,G2,11
3916.60282,4318.26952,401.667,G2,11
4788.13203,4931.12006,142.988,G2,11
5010.5581,5122.67649,112.118,G2,11
5606.02308,5720.56627,114.543,G2,11
5809.2038,5932.54014,123.336,G2,11
6412.28698,6530.11802,117.831,G2,11
6587.47091,6767.10105,179.63,G2,11
7216.25689,7648.93693,432.68,G2,11
8022.87651,8473.98302,451.107,G2,11
0,75.21498,75.215,G2,12
557.21683,675.37807,118.161,G2,12
764.94068,882.9524,118.012,G2,12
1365.01577,1478.66962,113.654,G2,12
1549.64832,1707.27084,157.623,G2,12
2169.07511,2589.1231,420.048,G2,12
2974.53647,3424.2126,449.676,G2,12
3788.47513,4234.68079,446.206,G2,12
4640.88641,5039.28204,398.396,G2,12
5510.09161,5651.30233,141.211,G2,12
5731.71707,5843.76347,112.046,G2,12
6327.22908,6441.3867,114.158,G2,12
6529.73282,6653.99338,124.261,G2,12
7133.3141,7252.06347,118.749,G2,12
7306.84014,7490.43578,183.596,G2,12
7937.29286,8371.37116,434.078,G2,12
455.06079,610.7705,155.71,G2,13
682.88555,796.26699,113.381,G2,13
1278.51831,1396.06063,117.542,G2,13
1485.60847,1604.26637,118.658,G2,13
2086.0647,2200.12473,114.06,G2,13
2269.52375,2429.78074,160.257,G2,13
2890.0949,3312.30014,422.205,G2,13
3695.69767,4145.66999,449.972,G2,13
4510.185,4955.77557,445.591,G2,13
5365.27734,5760.29437,395.017,G2,13
6231.99925,6371.51536,139.516,G2,13
6452.84627,6564.85657,112.01,G2,13
7048.42381,7162.22763,113.804,G2,13
7250.24109,7375.47092,125.23,G2,13
7854.33894,7974.12101,119.782,G2,13
8026.09445,8213.91777,187.823,G2,13
297.28541,713.19877,415.913,G2,14
1177.41841,1330.72948,153.311,G2,14
1404.26014,1517.32314,113.063,G2,14
1999.80421,2116.76262,116.958,G2,14
2206.25688,2325.5974,119.341,G2,14
2807.10989,2921.63091,114.521,G2,14
2989.3464,3152.38597,163.04,G2,14
3611.11643,4035.34932,424.233,G2,14
4416.86821,4867.10522,450.237,G2,14
5231.93214,5676.86432,444.932,G2,14
6089.74899,6481.30673,391.558,G2,14
6953.85811,7091.75781,137.9,G2,14
7173.94684,7285.95609,112.009,G2,14
7769.60775,7883.08939,113.482,G2,14
7970.72828,8096.97397,126.246,G2,14
8575.36169,8640,64.638,G2,14
180.41771,629.10597,448.688,G2,15
1020.85068,1434.2146,413.364,G2,15
1899.69776,2050.73147,151.034,G2,15
2125.59326,2238.3839,112.791,G2,15
2721.07519,2837.48411,116.409,G2,15
2926.88579,3046.94626,120.06,G2,15
3528.15152,3643.19252,115.041,G2,15
3709.11167,3875.09377,165.982,G2,15
4332.13988,4758.27827,426.138,G2,15
5138.04849,5588.51918,450.471,G2,15
5953.71876,6397.94726,444.228,G2,15
6814.26866,7202.31921,388.051,G2,15
7675.6712,7812.02838,136.357,G2,15
7895.02019,8007.06235,112.042,G2,15
8490.78141,8603.97233,113.191,G2,15
89.97756,538.13727,448.16,G2,16
901.96932,1350.23538,448.266,G2,16
1744.56588,2155.22945,410.664,G2,16
2621.90403,2770.77379,148.87,G2,16
2846.88745,2959.4493,112.562,G2,16
3442.33192,3558.22503,115.893,G2,16
3647.49509,3768.31403,120.819,G2,16
4249.18983,4364.81491,115.625,G2,16
4428.81399,4597.91134,169.097,G2,16
5053.16538,5481.09428,427.929,G2,16
5859.23902,6309.91307,450.674,G2,16
6675.54733,7119.02479,443.477,G2,16
7538.79994,7923.33215,384.532,G2,16
8397.44129,8532.32622,134.885,G2,16
8616.06704,8640,23.933,G2,16
6.02445,418.7563,412.732,G2,17
811.10513,1259.69561,448.59,G2,17
1623.54933,2071.35726,447.808,G2,17
2468.43207,2876.24343,407.811,G2,17
3344.04213,3490.85403,146.812,G2,17
3568.14493,3680.51969,112.375,G2,17
4163.57507,4278.98564,115.411,G2,17
4368.08465,4489.70159,121.617,G2,17
4970.22502,5086.50441,116.279,G2,17
5148.44689,5320.84648,172.4,G2,17
5774.19331,6203.80484,429.612,G2,17
6580.44023,7031.28783,450.848,G2,17
7397.42033,7840.09719,442.677,G2,17
8263.30536,8492.74932,229.444,G2,17
8509.59673,8640,130.403,G2,17
0,35.89715,35.897,G2,18
109.75456,262.51143,152.757,G2,18
727.04015,1142.35715,415.317,G2,18
1532.24055,1981.22667,448.986,G2,18
2345.15914,2792.4719,447.313,G2,18
3192.44691,3597.25673,404.81,G2,18
4066.11674,4210.97005,144.853,G2,18
4289.3679,4401.59533,112.227,G2,18
4884.80527,4999.76597,114.961,G2,18
5088.6543,5211.10994,122.456,G2,18
5691.25731,5808.26893,117.012,G2,18
5868.00244,6043.90702,175.905,G2,18
6495.22376,6926.41687,431.193,G2,18
7301.65257,7752.64412,450.992,G2,18
8119.34055,8561.16452,441.824,G2,18
346.7002,460.62706,113.927,G2,21
548.75203,673.9306,125.179,G2,21
1152.69858,1272.38951,119.691,G2,21
1324.86777,1512.14196,187.274,G2,21
1956.74262,2391.77408,435.031,G2,21
2763.80017,3214.87213,451.072,G2,21
3583.80645,4022.69378,438.887,G2,21
4458.24346,4661.55012,203.307,G2,21
4702.6654,4826.82168,124.156,G2,21
5303.89543,5432.60646,128.711,G2,21
5519.34667,5632.31264,112.966,G2,21
6115.93648,6228.13018,112.194,G2,21
6312.06104,6446.7945,134.733,G2,21
6920.85486,7304.84988,383.995,G2,21
7725.20521,8168.36758,443.162,G2,21
8534.32529,8640,105.675,G2,21
251.96487,390.18177,138.217,G2,22
472.32129,584.40003,112.079,G2,22
1067.8879,1181.48779,113.6,G2,22
1269.24431,1395.43299,126.189,G2,22
1873.72349,1994.55945,120.836,G2,22
2044.01189,2235.74698,191.735,G2,22
2677.78654,3114.0652,436.279,G2,22
3485.06265,3936.16752,451.105,G2,22
4305.9421,4743.74624,437.804,G2,22
5182.19918,5380.26511,198.066,G2,22
5425.25658,5547.8424,122.586,G2,22
6025.46228,6153.04848,127.586,G2,22
6240.25679,6353.47714,113.22,G2,22
6837.05324,6949.17452,112.121,G2,22
7032.36578,7168.56078,136.195,G2,22
7641.8698,8029.35296,387.483,G2,22
8446.28377,8640,193.716,G2,22
112.14888,500.72137,388.572,G2,23
973.78732,1110.45094,136.664,G2,23
1193.40011,1305.50747,112.107,G2,23
1789.06528,1902.36959,113.304,G2,23
1989.71521,2116.96236,127.247,G2,23
2594.74649,2716.88494,122.138,G2,23
2762.99719,2959.50445,196.507,G2,23
3398.83396,3836.28611,437.452,G2,23
4206.33897,4657.44835,451.109,G2,23
5028.14204,5464.79473,436.653,G2,23
5906.00423,6099.19338,193.189,G2,23
6147.63793,6268.86485,121.227,G2,23
6747.00036,6873.51258,126.512,G2,23
6961.14534,7074.65142,113.506,G2,23
7558.16293,7670.24498,112.082,G2,23
7752.64363,7890.36955,137.726,G2,23
8362.88427,8640,277.116,G2,23
0,417.36669,417.367,G2,24
836.65419,1221.73615,385.082,G2,24
1695.56655,1830.74743,135.181,G2,24
1914.45248,2026.62196,112.169,G2,24
2510.23276,2623.27288,113.04,G2,24
2710.16423,2838.51999,128.356,G2,24
3315.76776,3439.40464,123.637,G2,24
3481.78485,3683.41363,201.629,G2,24
4119.88512,4558.44132,438.556,G2,24
4927.62976,5378.715,451.085,G2,24
5750.41083,6185.83972,435.429,G2,24
6629.65674,6818.29117,188.634,G2,24
6869.85329,6989.88918,120.036,G2,24
7468.51102,7593.99822,125.487,G2,24
7682.01257,7795.83585,113.823,G2,24
8279.26573,8391.34254,112.077,G2,24
8472.8935,8612.2236,139.33,G2,24
0,329.52977,329.53,G2,25
695.83079,1138.44157,442.611,G2,25
1561.13954,1791.78404,230.645,G2,25
1807.24817,1942.75142,135.503,G2,25
2417.3049,2551.07009,133.765,G2,25
2635.47934,2747.74384,112.264,G2,25
3231.39077,3344.19813,112.807,G2,25
3430.59085,3560.10771,129.517,G2,25
4036.78742,4162.17717,125.39,G2,25
4200.31577,4407.4694,207.154,G2,25
4840.94027,5280.53497,439.595,G2,25
5648.93559,6099.9684,451.033,G2,25
6472.75326,6906.88131,434.128,G2,25
7353.15845,7537.52829,184.37,G2,25
7591.93242,7710.91561,118.983,G2,25
8189.9959,8314.50506,124.509,G2,25
8402.85902,8517.03107,114.172,G2,25
0,224.42761,224.428,G2,26
600.08974,1050.89094,450.801,G2,26
1417.74674,1859.51156,441.765,G2,26
2285.56952,2507.71111,222.142,G2,26
2532.61024,2663.76744,131.157,G2,26
3139.00477,3271.41809,132.413,G2,26
3356.48144,3468.87347,112.392,G2,26
3952.53975,4065.1458,112.606,G2,26
4150.99451,4281.72706,130.733,G2,26
4757.80582,4885.30205,127.496,G2,26
4918.4904,5131.66117,213.171,G2,26
5561.99958,6002.57098,440.571,G2,26
6370.25742,6821.20882,450.951,G2,26
7195.17451,7627.91983,432.745,G2,26
8076.51366,8256.88313,180.369,G2,26
8313.89664,8431.94424,118.048,G2,26
0,65.37596,65.376,G2,27
514.66459,946.9608,432.296,G2,27
1321.31428,1772.23456,450.92,G2,27
2139.71247,2580.57668,440.864,G2,27
3009.91279,3225.0865,215.174,G2,27
3256.52859,3384.78428,128.256,G2,27
3860.66851,3991.79062,131.122,G2,27
4077.45954,4190.01122,112.552,G2,27
4673.6801,4786.11664,112.437,G2,27
4871.37458,5003.37994,132.005,G2,27
5478.82307,5608.97382,130.151,G2,27
5636.11383,5855.97193,219.858,G2,27
6283.06338,6724.55295,441.49,G2,27
7091.59573,7542.43713,450.841,G2,27
7917.68017,8348.95523,431.275,G2,27
431.67147,550.34831,118.677,G2,28
605.59183,788.68658,183.095,G2,28
1235.70199,1669.40763,433.706,G2,28
2042.55084,2493.56138,451.011,G2,28
2861.73118,3301.63737,439.906,G2,28
3734.14383,3943.11718,208.973,G2,28
3979.79618,4105.80236,126.006,G2,28
4582.2981,4712.18697,129.889,G2,28
4798.41444,4911.15747,112.743,G2,28
5394.81222,5507.11117,112.299,G2,28
5591.73038,5725.0684,133.338,G2,28
6199.83936,6333.7077,133.868,G2,28
6352.67063,6580.37813,227.707,G2,28
7004.13183,7446.48412,442.352,G2,28
7812.95141,8263.65354,450.702,G2,28
45.3896,171.7947,126.405,G2,31
259.27263,372.60664,113.334,G2,31
856.43269,968.37151,111.939,G2,31
1050.6909,1188.11614,137.425,G2,31
1661.04639,2051.75045,390.704,G2,31
2465.41644,2910.36751,444.951,G2,31
3275.03063,3725.50385,450.473,G2,31
4106.35691,4531.2354,424.878,G2,31
4989.76452,5153.39614,163.632,G2,31
5220.6079,5335.18201,114.574,G2,31
5816.78536,5936.20998,119.425,G2,31
6025.6225,6142.36627,116.744,G2,31
6625.05949,6737.9803,112.921,G2,31
6811.76428,6964.41496,152.651,G2,31
7429.13855,7844.6005,415.462,G2,31
8234.28263,8640,405.717,G2,31
0,116.82296,116.823,G2,32
167.98087,287.97147,119.991,G2,32
766.89595,892.27453,125.379,G2,32
980.1375,1093.78565,113.648,G2,32
1577.53162,1689.46356,111.932,G2,32
1770.93781,1909.96031,139.023,G2,32
2382.0569,2776.26328,394.206,G2,32
3186.5018,3632.12125,445.619,G2,32
3996.45812,4446.67463,450.217,G2,32
4829.37913,5252.2555,422.876,G2,32
5712.39235,5873.20223,160.81,G2,32
5942.1255,6056.22434,114.099,G2,32
6538.11787,6656.85165,118.734,G2,32
6746.32716,6863.6459,117.319,G2,32
7346.11468,7459.343,113.228,G2,32
7531.731,7686.75064,155.02,G2,32
8150.15344,8568.06198,417.909,G2,32
0,205.06652,205.067,G2,33
651.52417,836.04204,184.518,G2,33
890.06789,1008.99389,118.926,G2,33
1488.37642,1612.77558,124.399,G2,33
1700.98151,1814.97527,113.994,G2,33
2298.62408,2410.58392,111.96,G2,33
2491.15556,2631.85256,140.697,G2,33
3103.06726,3500.70128,397.634,G2,33
3907.59304,4353.83726,446.244,G2,33
4717.90749,5167.83584,449.928,G2,33
5552.52851,5973.27381,420.745,G2,33
6434.92258,6593.06229,158.14,G2,33
6663.591,6777.27041,113.679,G2,33
7259.43318,7377.51274,118.08,G2,33
7467.01242,7584.94095,117.929,G2,33
8067.16567,8180.74947,113.584,G2,33
8251.65231,8409.16922,157.517,G2,33
0,119.49337,119.493,G2,34
492.89046,926.1014,433.211,G2,34
1374.89823,1555.38089,180.483,G2,34
1612.03813,1730.01849,117.98,G2,34
2209.83237,2333.29754,123.465,G2,34
2421.8049,2536.17599,114.371,G2,34
3019.71037,3131.73385,112.023,G2,34
3211.34279,3353.79602,142.453,G2,34
3824.07781,4225.0353,400.957,G2,34
4628.69064,5075.51755,446.827,G2,34
5439.37996,5888.98809,449.608,G2,34
6275.81275,6694.29052,418.478,G2,34
7157.36221,7312.9721,155.61,G2,34
7385.00857,7498.32041,113.312,G2,34
7980.73209,8098.19327,117.461,G2,34
8187.67821,8306.25221,118.574,G2,34
0,22.92615,22.926,G2,35
389.51996,840.71791,451.198,G2,35
1215.38842,1647.13335,431.745,G2,35
2098.12834,2274.8227,176.694,G2,35
2333.90838,2451.04552,117.137,G2,35
2931.26512,3053.84,122.575,G2,35
3142.60809,3257.38842,114.78,G2,35
3740.79079,3852.91458,112.124,G2,35
3931.49813,4075.79415,144.296,G2,35
4545.08866,4949.24327,404.155,G2,35
5349.79467,5797.16417,447.37,G2,35
6160.87663,6610.1317,449.255,G2,35
6999.2389,7415.30585,416.067,G2,35
7879.71727,8032.92811,153.211,G2,35
8106.38162,8219.37461,112.993,G2,35
302.19332,744.85569,442.662,G2,36
1110.86959,1561.93077,451.061,G2,36
1937.97725,2368.16251,430.185,G2,36
2821.22198,2994.3545,173.133,G2,36
3055.69126,3172.07511,116.384,G2,36
3652.67561,3774.40268,121.727,G2,36
3863.39134,3978.61307,115.222,G2,36
4461.86564,4574.12773,112.262,G2,36
4651.6199,4797.85093,146.231,G2,36
5266.09999,5673.30993,407.21,G2,36
6070.90566,6518.77874,447.873,G2,36
6882.3988,7331.26704,448.868,G2,36
7722.81295,8136.31993,413.507,G2,36
8601.99383,8640,38.006,G2,36
219.02446,602.64153,383.617,G2,37
1023.26248,1466.73723,443.475,G2,37
1832.23726,2283.13247,450.895,G2,37
2660.66355,3089.18915,428.526,G2,37
3544.18716,3713.96599,169.779,G2,37
3777.39686,3893.10762,115.711,G2,37
4374.06517,4494.98528,120.92,G2,37
4584.15462,4699.85052,115.696,G2,37
5182.93519,5295.37497,112.44,G2,37
5371.70623,5519.97024,148.264,G2,37
5987.11198,6397.22672,410.115,G2,37
6792.02374,7240.36314,448.339,G2,37
7603.94775,8052.39448,448.447,G2,37
8446.53912,8640,193.461,G2,37
135.32696,247.30652,111.98,G2,38
330.41603,466.31702,135.901,G2,38
940.03564,1327.19721,387.162,G2,38
1744.33676,2188.57359,444.237,G2,38
2553.62403,3004.32334,450.699,G2,38
3383.45433,3810.2134,426.759,G2,38
4267.03203,4433.64882,166.617,G2,38
4499.03359,4614.14318,115.11,G2,38
5095.43476,5215.58784,120.153,G2,38
5304.89835,5421.10137,116.203,G2,38
5903.99972,6016.65845,112.659,G2,38
6091.75514,6242.1566,150.401,G2,38
6708.12476,7120.98997,412.865,G2,38
7513.14931,7961.91887,448.77,G2,38
8325.52506,8640,314.475,G2,38
0,270.32367,270.324,G3,11
676.65307,1122.83591,446.183,G3,11
1487.10702,1936.795,449.688,G3,11
2322.12878,2742.26158,420.133,G3,11
3204.01078,3361.73,157.719,G3,11
3432.64925,3546.31976,113.671,G3,11
4028.37344,4146.40747,118.034,G3,11
4235.9702,4354.10891,118.139,G3,11
4836.12064,4949.852,113.731,G3,11
5020.5209,5178.66185,158.141,G3,11
5640.17372,6060.66636,420.493,G3,11
6445.66294,6895.40123,449.738,G3,11
7259.70971,7705.79515,446.085,G3,11
8112.65533,8510.37933,397.724,G3,11
0,123.16803,123.168,G3,12
593.06749,994.61157,401.544,G3,12
1397.7539,1844.51186,446.758,G3,12
2208.58676,2657.94763,449.361,G3,12
3045.43568,3463.27984,417.844,G3,12
3926.4351,4081.65239,155.217,G3,12
4154.05915,4267.37267,113.314,G3,12
4749.67181,4867.09397,117.422,G3,12
4956.6341,5075.42627,118.792,G3,12
5557.16885,5671.31713,114.148,G3,12
5740.38606,5901.19043,160.804,G3,12
6361.19387,6783.81712,422.623,G3,12
7166.82599,7616.85409,450.028,G3,12
7981.42699,8426.88864,445.462,G3,12
0,26.52371,26.524,G3,13
509.73924,621.95964,112.22,G3,13
700.39906,845.18097,144.782,G3,13
1314.08019,1718.77261,404.692,G3,13
2118.86126,2566.1545,447.293,G3,13
2930.09108,3379.09154,449,G3,13
3768.88394,4184.29676,415.413,G3,13
4648.77655,4801.62025,152.844,G3,13
4875.42511,4988.42977,113.005,G3,13
5470.95466,5587.79988,116.845,G3,13
5677.27866,5796.76086,119.482,G3,13
6278.21332,6392.83404,114.621,G3,13
6460.19757,6623.81572,163.618,G3,13
7082.21578,7506.84152,424.626,G3,13
7887.99848,8338.2849,450.286,G3,13
421.62067,543.26719,121.647,G3,14
632.35888,747.75336,115.394,G3,14
1230.81507,1343.18128,112.366,G3,14
1420.51645,1567.25315,146.737,G3,14
2035.09348,2442.79295,407.699,G3,14
2839.9757,3287.76544,447.79,G3,14
3651.62116,4100.22739,448.606,G3,14
4492.47919,4905.31247,412.833,G3,14
5371.04077,5521.63056,150.59,G3,14
5596.75018,5709.49134,112.741,G3,14
6192.22273,6308.52524,116.303,G3,14
6397.90363,6518.11345,120.21,G3,14
6999.25428,7114.40734,115.153,G3,14
7179.95063,7346.54504,166.594,G3,14
7803.23964,8229.74718,426.508,G3,14
8609.1808,8640,30.819,G3,14
313.35453,482.57328,169.219,G3,15
546.49528,662.1462,115.651,G3,15
1143.00896,1263.85594,120.847,G3,15
1353.12015,1468.996,115.876,G3,15
1951.88565,2064.43744,112.552,G3,15
2140.5981,2289.38886,148.791,G3,15
2756.10747,3166.665,410.558,G3,15
3561.0973,4009.34653,448.249,G3,15
4373.17835,4821.35526,448.177,G3,15
5216.22489,5626.32716,410.102,G3,15
6093.23298,6241.68068,148.448,G3,15
6318.03683,6430.55782,112.521,G3,15
6913.4767,7029.27008,115.793,G3,15
7118.50896,7239.48513,120.976,G3,15
7720.29195,7836.0427,115.751,G3,15
7899.63958,8069.38566,169.746,G3,15
8524.2656,8640,115.734,G3,15
152.98809,579.19668,426.209,G3,16
1036.1764,1202.27308,166.097,G3,16
1268.12014,1383.18436,115.064,G3,16
1864.37744,1984.46451,120.087,G3,16
2073.86184,2190.2522,116.39,G3,16
2672.95124,2785.73022,112.779,G3,16
2860.64192,3011.59242,150.951,G3,16
3477.12229,3890.38606,413.264,G3,16
4282.22648,4730.89932,448.673,G3,16
5094.76425,5542.47573,447.711,G3,16
5940.12142,6347.34093,407.22,G3,16
6815.35803,6961.76828,146.41,G3,16
7039.28736,7151.62926,112.342,G3,16
7634.7172,7750.03458,115.317,G3,16
7839.09454,7960.87681,121.782,G3,16
8441.32654,8557.74676,116.42,G3,16
8619.25762,8640,20.742,G3,16
44.21623,494.46258,450.246,G3,17
875.9124,1300.22023,424.308,G3,17
1758.88817,1922.036,163.148,G3,17
1989.68389,2104.22585,114.542,G3,17
2585.72709,2705.09267,119.366,G3,17
2794.58403,2911.52262,116.939,G3,17
3394.01203,3507.06167,113.05,G3,17
3580.64552,3733.86882,153.223,G3,17
4198.13816,4613.95702,415.819,G3,17
5003.36351,5452.42512,449.062,G3,17
5816.38027,6263.58889,447.209,G3,17
6664.16549,7068.35413,404.189,G3,17
7537.42039,7681.89129,144.471,G3,17
7760.50361,7872.70599,112.202,G3,17
8355.94486,8470.81892,114.874,G3,17
8559.66008,8640,80.34,G3,17
0,401.12475,401.125,G3,18
765.65053,1215.63349,449.983,G3,18
1598.95687,2021.24183,422.285,G3,18
2481.49734,2641.85653,160.359,G3,18
2711.19208,2825.27092,114.079,G3,18
3307.0588,3425.74037,118.682,G3,18
3515.28678,3632.80796,117.521,G3,18
4115.06847,4228.43462,113.366,G3,18
4300.60621,4456.22338,155.617,G3,18
4919.15518,5337.38194,418.227,G3,18
5724.50886,6173.92528,449.416,G3,18
6538.0282,6984.69526,446.667,G3,18
7388.34832,7789.36685,401.019,G3,18
8259.42421,8402.0479,142.624,G3,18
8481.6873,8593.78831,112.101,G3,18
380.61623,804.799,424.183,G3,21
1186.43326,1636.51233,450.079,G3,21
2001.60217,2446.31313,444.711,G3,21
2859.45317,3250.80474,391.352,G3,21
3723.22847,3861.12736,137.899,G3,21
3943.43417,4055.5159,112.082,G3,21
4539.01914,4652.55712,113.538,G3,21
4740.23449,4866.63209,126.398,G3,21
5344.82306,5465.9073,121.084,G3,21
5514.71548,5707.38412,192.669,G3,21
6148.89061,6585.41101,436.52,G3,21
6956.21187,7407.31996,451.108,G3,21
7777.27298,8214.85106,437.578,G3,21
297.6007,412.74195,115.141,G3,22
478.62804,644.89047,166.262,G3,22
1101.64166,1527.71897,426.077,G3,22
1907.61628,2357.92753,450.311,G3,22
2723.39389,3167.39773,444.004,G3,22
3583.9482,3971.81909,387.871,G3,22
4445.04209,4581.40211,136.36,G3,22
4664.50759,4776.62474,112.117,G3,22
5260.19451,5373.44315,113.249,G3,22
5460.70105,5588.16706,127.466,G3,22
6065.8457,6188.26833,122.423,G3,22
6233.66455,6431.17229,197.508,G3,22
6869.9387,7307.61845,437.68,G3,22
7677.49113,8128.59785,451.107,G3,22
8499.48643,8640,140.514,G3,22
211.73319,327.67374,115.941,G3,23
416.99618,537.94608,120.95,G3,23
1018.64066,1134.36963,115.729,G3,23
1198.32972,1367.71527,169.386,G3,23
1822.66913,2250.52729,427.858,G3,23
2628.80954,3079.32261,450.513,G3,23
3445.22754,3888.47686,443.249,G3,23
4308.45249,4692.83392,384.381,G3,23
5166.81288,5301.70388,134.891,G3,23
5385.55468,5497.7407,112.186,G3,23
5981.36006,6094.35081,112.991,G3,23
6181.14564,6309.73066,128.585,G3,23
6786.86666,6910.83316,123.966,G3,23
6952.40612,7155.11155,202.705,G3,23
7590.9907,8029.76088,438.77,G3,23
8398.78484,8640,241.215,G3,23
113.41324,260.20135,146.788,G3,24
337.63287,450.06716,112.434,G3,24
932.97801,1048.43745,115.459,G3,24
1137.58656,1259.33772,121.751,G3,24
1739.67759,1856.06476,116.387,G3,24
1917.96167,2090.65743,172.696,G3,24
2543.69906,2973.23136,429.532,G3,24
3350.01363,3800.69855,450.685,G3,24
4167.10595,4609.55086,442.445,G3,24
5032.92953,5261.64096,228.711,G3,24
5279.43737,5413.84933,134.412,G3,24
5888.54343,6022.03168,133.488,G3,24
6106.57647,6218.86411,112.288,G3,24
6702.51624,6815.28058,112.764,G3,24
6901.56768,7031.32454,129.757,G3,24
7507.88605,7633.66682,125.781,G3,24
7670.87534,7879.19574,208.32,G3,24
8312.0467,8640,327.953,G3,24
0,366.74744,366.747,G3,25
835.4871,980.32215,144.835,G3,25
1058.85551,1171.1452,112.29,G3,25
1654.20988,1769.22096,115.011,G3,25
1858.15705,1980.75016,122.593,G3,25
2460.71163,2577.83514,117.124,G3,25
2637.51591,2813.72438,176.208,G3,25
3264.73153,3695.83776,431.106,G3,25
4071.22884,4522.05617,450.827,G3,25
4889.03161,5330.61982,441.588,G3,25
5757.3445,5978.00216,220.658,G3,25
6004.36635,6134.86558,130.499,G3,25
6610.23595,6742.3847,132.149,G3,25
6827.57371,6939.99535,112.422,G3,25
7423.66347,7536.23292,112.569,G3,25
7621.96667,7752.95049,130.984,G3,25
8228.90422,8356.88103,127.977,G3,25
8388.95977,8603.41303,214.453,G3,25
0,283.02376,283.024,G3,26
686.36059,1087.76204,401.401,G3,26
1557.50194,1700.47673,142.975,G3,26
1780.04538,1892.2288,112.183,G3,26
2375.42937,2490.02437,114.595,G3,26
2578.70738,2702.18471,123.477,G3,26
3181.74306,3299.69062,117.948,G3,26
3356.98272,3536.92396,179.941,G3,26
3985.76668,4418.35311,432.586,G3,26
4792.45571,5243.39637,450.941,G3,26
5611.00784,6051.68404,440.676,G3,26
6481.66711,6695.54278,213.876,G3,26
6728.12044,6855.88264,127.762,G3,26
7331.89268,7462.76206,130.869,G3,26
7548.54718,7661.13479,112.588,G3,26
8144.80214,8257.2085,112.406,G3,26
8342.34189,8474.6103,132.268,G3,26
0,193.61762,193.618,G3,27
558.13534,1004.12643,445.991,G3,27
1410.62998,1808.77633,398.146,G3,27
2279.46155,2420.66344,141.202,G3,27
2501.20422,2613.31824,112.114,G3,27
3096.63707,3210.84809,114.211,G3,27
3299.23728,3423.64236,124.405,G3,27
3902.77193,4021.64319,118.871,G3,27
4076.34962,4260.26332,183.914,G3,27
4706.8047,5140.78341,433.979,G3,27
5513.69484,5964.71998,451.025,G3,27
6333.0377,6772.74386,439.706,G3,27
7205.87299,7413.66829,207.795,G3,27
7451.29391,7576.901,125.607,G3,27
8053.51558,8183.16316,129.648,G3,27
8269.49752,8382.28281,112.785,G3,27
0,81.76035,81.76,G3,28
465.26002,915.07605,449.816,G3,28
1279.8501,1725.22287,445.373,G3,28
2135.00304,2529.79053,394.787,G3,28
3001.36927,3140.88077,139.512,G3,28
3222.33338,3334.41384,112.08,G3,28
3817.83348,3931.69221,113.859,G3,28
4019.74647,4145.12439,125.378,G3,28
4623.79853,4743.7084,119.91,G3,28
4795.60087,4983.74844,188.148,G3,28
5427.84601,5863.13433,435.288,G3,28
6234.94673,6686.02752,451.081,G3,28
7055.1248,7493.79948,438.675,G3,28
7929.94459,8132.16547,202.221,G3,28
8174.09996,8297.92058,123.821,G3,28
85.05385,208.80184,123.748,G3,31
250.41044,452.73185,202.321,G3,31
889.06792,1328.13659,439.069,G3,31
1696.72533,2148.15284,451.428,G3,31
2519.50007,2955.13128,435.631,G3,31
3399.61416,3587.54917,187.935,G3,31
3639.3045,3759.07067,119.766,G3,31
4238.08946,4363.26745,125.178,G3,31
4451.20268,4564.91774,113.715,G3,31
5048.64559,5160.58038,111.935,G3,31
5241.87768,5381.2306,139.353,G3,31
5853.15385,6248.05652,394.903,G3,31
6657.61453,7103.36309,445.749,G3,31
7467.64154,7917.80268,450.161,G3,31
8300.89578,8640,339.104,G3,31
0.80878,113.4383,112.63,G3,32
199.63221,329.12407,129.492,G3,32
806.06963,931.62119,125.552,G3,32
968.8839,1176.83864,207.955,G3,32
1610.11986,2050.21782,440.098,G3,32
2418.02867,2869.39994,451.371,G3,32
3241.84972,3676.16863,434.319,G3,32
4123.10826,4306.79387,183.686,G3,32
4361.36652,4480.09349,118.727,G3,32
4959.5649,5083.77273,124.208,G3,32
5172.04244,5286.10951,114.067,G3,32
5769.73678,5881.70658,111.97,G3,32
5962.08938,6103.13288,141.043,G3,32
6574.16422,6972.4758,398.312,G3,32
7378.70701,7825.07176,446.365,G3,32
8189.09541,8638.96203,449.867,G3,32
0,40.69595,40.696,G3,33
125.7118,237.97571,112.264,G3,33
721.95203,834.38528,112.433,G3,33
920.02824,1050.74134,130.713,G3,33
1527.0841,1654.8173,127.733,G3,33
1686.97626,1901.08545,214.109,G3,33
2331.1759,2772.24174,441.066,G3,33
3139.34778,3590.63429,451.287,G3,33
3964.27945,4397.20293,432.923,G3,33
4846.45284,5026.15459,179.702,G3,33
5083.31561,5201.11857,117.803,G3,33
5681.01608,5804.29879,123.283,G3,33
5892.86185,6007.31259,114.451,G3,33
6490.82187,6602.86253,112.041,G3,33
6682.27033,6825.08708,142.817,G3,33
7295.17482,7696.78607,401.611,G3,33
8099.8059,8546.74513,446.939,G3,33
26.13454,153.98365,127.849,G3,34
630.29797,761.0671,130.769,G3,34
846.68314,959.11003,112.427,G3,34
1443.08676,1555.35556,112.269,G3,34
1640.40048,1772.39227,131.992,G3,34
2248.09745,2378.61539,130.518,G3,34
2404.46221,2625.45413,220.992,G3,34
3052.23646,3494.21196,441.976,G3,34
3860.68365,4311.85655,451.173,G3,34
4686.79511,5118.23425,431.439,G3,34
5569.655,5745.61541,175.96,G3,34
5805.16726,5922.14604,116.979,G3,34
6402.4443,6524.84531,122.401,G3,34
6613.66101,6728.52744,114.866,G3,34
7211.90115,7324.04958,112.148,G3,34
7402.41903,7547.0967,144.678,G3,34
8016.18575,8420.96665,404.781,G3,34
0,70.94616,70.946,G3,35
504.08329,712.30876,208.225,G3,35
749.35234,874.99814,125.646,G3,35
1351.9167,1481.46206,129.545,G3,35
1567.63127,1680.25287,112.622,G3,35
2164.21334,2276.34962,112.136,G3,35
2360.74831,2494.07914,133.331,G3,35
2969.10987,3103.66639,134.557,G3,35
3120.69055,3349.91939,229.229,G3,35
3773.30167,4216.13155,442.83,G3,35
4582.03688,5033.06708,451.03,G3,35
5409.40302,5839.26289,429.86,G3,35
6292.72219,6465.16397,172.442,G3,35
6526.93387,6643.17626,116.242,G3,35
7123.85048,7245.41197,121.561,G3,35
7334.44016,7449.75462,115.314,G3,35
7932.97491,8045.26946,112.295,G3,35
8122.53381,8269.16562,146.632,G3,35
352.88085,791.99819,439.117,G3,36
1228.19676,1430.76742,202.571,G3,36
1472.18633,1596.01384,123.828,G3,36
2073.50355,2201.88013,128.377,G3,36
2288.55675,2401.40463,112.848,G3,36
2885.33215,2997.36819,112.036,G3,36
3081.07088,3215.8039,134.733,G3,36
3690.12159,4074.44952,384.328,G3,36
4494.37183,4938.00381,443.632,G3,36
5303.4083,5754.26651,450.858,G3,36
6132.10984,6560.28907,428.179,G3,36
7015.66248,7184.79048,169.128,G3,36
7248.62515,7364.20937,115.584,G3,36
7845.23595,7965.99861,120.763,G3,36
8055.19949,8170.99471,115.795,G3,36
254.16363,705.61829,451.455,G3,37
1075.02047,1513.04621,438.026,G3,37
1952.15946,2149.5003,197.341,G3,37
2194.74982,2317.03096,122.281,G3,37
2795.06022,2922.3207,127.26,G3,37
3009.46012,3122.56573,113.106,G3,37
3606.44356,3718.41221,111.969,G3,37
3801.36725,3937.56899,136.202,G3,37
4411.13268,4799.0079,387.875,G3,37
5215.44718,5659.83145,444.384,G3,37
6024.79901,6475.45533,450.656,G3,37
6854.92257,7281.31287,426.39,G3,37
7738.48413,7904.48679,166.003,G3,37
7970.24877,8085.24557,114.997,G3,37
8566.60164,8640,73.398,G3,37
168.02006,605.99404,437.974,G3,38
975.43729,1426.89248,451.455,G3,38
1797.22536,2234.09049,436.865,G3,38
2675.96553,2868.44165,192.476,G3,38
2917.10864,3038.04984,120.941,G3,38
3516.58841,3642.7833,126.195,G3,38
3730.34195,3843.73661,113.395,G3,38
4327.54798,4439.48264,111.935,G3,38
4521.63657,4659.37697,137.74,G3,38
5132.14337,5523.55601,391.413,G3,38
5936.52799,6381.61713,445.089,G3,38
6746.20973,7196.63384,450.424,G3,38
7577.84866,8002.33445,424.486,G3,38
8461.19497,8624.24638,163.051,G3,38
326.99939,415.97386,88.974,G4,11
483.90987,580.88532,96.975,G4,11
1113.72648,1218.32476,104.598,G4,11
1237.73423,1366.58691,128.853,G4,11
1509.87199,1614.95304,105.081,G4,11
1900.9198,2150.25377,249.334,G4,11
2222.09829,2407.7156,185.617,G4,11
2688.90267,2915.25295,226.35,G4,11
2956.06337,3196.62,240.557,G4,11
3478.68685,3636.72085,158.034,G4,11
3733.03191,3984.25143,251.22,G4,11
4275.8264,4343.61233,67.786,G4,11
4517.84457,4629.00211,111.158,G4,11
4678.07138,4771.25766,93.186,G4,11
5303.82611,5396.27185,92.446,G4,11
5467.99963,5557.8534,89.854,G4,11
6090.28221,6179.97851,89.696,G4,11
6242.22794,6344.0435,101.816,G4,11
6877.12858,7129.47896,252.35,G4,11
7251.89013,7380.66904,128.779,G4,11
7664.49764,7911.55373,247.056,G4,11
7967.15031,8171.81727,204.667,G4,11
8452.82534,8640,187.175,G4,11
261.05612,356.19776,95.142,G4,12
425.91102,514.99398,89.083,G4,12
1047.40803,1136.40487,88.997,G4,12
1203.77788,1301.28202,97.504,G4,12
1834.14953,1941.81139,107.662,G4,12
1954.41733,2086.95476,132.537,G4,12
2227.56466,2335.72277,108.158,G4,12
2621.36351,2870.47262,249.109,G4,12
2940.16607,3128.23907,188.073,G4,12
3409.38545,3633.97741,224.592,G4,12
3675.64964,3917.08056,241.431,G4,12
4199.27297,4354.65608,155.383,G4,12
4453.33126,4704.6851,251.354,G4,12
4997.09352,5060.80586,63.712,G4,12
5238.21977,5348.31395,110.094,G4,12
5398.98769,5491.67623,92.689,G4,12
6024.22435,6116.35083,92.126,G4,12
6188.23447,6278.26041,90.026,G4,12
6810.69484,6900.57725,89.882,G4,12
6961.9066,7064.43557,102.529,G4,12
7597.55668,7849.831,252.274,G4,12
7969.70757,8101.3253,131.618,G4,12
8384.94968,8631.62222,246.673,G4,12
0,39.13312,39.133,G4,13
195.62246,314.56354,118.941,G4,13
351.25634,448.73755,97.481,G4,13
981.44986,1076.15513,94.705,G4,13
1146.25792,1235.40351,89.146,G4,13
1767.8171,1856.85458,89.037,G4,13
1923.62499,2021.6782,98.053,G4,13
2554.57326,2807.32104,252.748,G4,13
2945.27672,3056.47421,111.197,G4,13
3341.80818,3590.67832,248.87,G4,13
3658.24931,3848.75935,190.51,G4,13
4129.87026,4352.63594,222.766,G4,13
4395.30119,4637.53989,242.239,G4,13
4919.8656,5072.58012,152.715,G4,13
5173.63591,5425.11823,251.482,G4,13
5718.45503,5777.90422,59.449,G4,13
5958.59619,6067.67582,109.08,G4,13
6119.85896,6212.0945,92.236,G4,13
6744.62319,6836.44625,91.823,G4,13
6908.45367,6998.66715,90.213,G4,13
7531.10798,7621.20095,90.093,G4,13
7681.55695,7784.82712,103.27,G4,13
7994.06258,8011.82926,17.767,G4,13
8317.98535,8570.18041,252.195,G4,13
0,46.87064,46.871,G4,14
131.63225,382.07351,250.441,G4,14
670.45735,756.66368,86.206,G4,14
915.98907,1033.41542,117.426,G4,14
1072.59897,1169.15855,96.56,G4,14
1701.84434,1796.13076,94.286,G4,14
1866.58843,1955.81269,89.224,G4,14
2488.2266,2577.32342,89.097,G4,14
2643.45056,2742.07374,98.623,G4,14
3274.9976,3527.68557,252.688,G4,14
3663.00685,3777.2088,114.202,G4,14
4062.25391,4310.86958,248.616,G4,14
4376.34926,4569.27634,192.927,G4,14
4850.35716,5071.23291,220.876,G4,14
5115.01335,5357.99804,242.985,G4,14
5640.46498,5790.49276,150.028,G4,14
5893.94578,6145.55073,251.605,G4,14
6439.93286,6494.88522,54.952,G4,14
6678.97379,6787.08368,108.11,G4,14
6840.68918,6932.51239,91.823,G4,14
7465.02261,7556.55796,91.535,G4,14
7628.65725,7719.07353,90.416,G4,14
8251.52163,8341.85088,90.329,G4,14
8401.17752,8505.21794,104.04,G4,14
0,39.62142,39.621,G4,15
78.44591,314.7648,236.319,G4,15
596.40125,764.8645,168.463,G4,15
851.8977,1102.51036,250.613,G4,15
1391.43155,1474.1552,82.724,G4,15
1636.35734,1752.37404,116.017,G4,15
1793.84084,1889.57923,95.738,G4,15
2422.2394,2516.12431,93.885,G4,15
2586.90262,2676.22153,89.319,G4,15
3208.63669,3297.8121,89.175,G4,15
3363.25389,3462.46889,99.215,G4,15
3995.42256,4248.04829,252.626,G4,15
4380.75378,4497.92771,117.174,G4,15
4782.70062,5031.04503,248.344,G4,15
5094.46719,5289.79017,195.323,G4,15
5570.84621,5789.77276,218.927,G4,15
5834.78166,6078.45509,243.673,G4,15
6361.07166,6508.39405,147.322,G4,15
6614.26033,6865.98269,251.722,G4,15
7161.55854,7211.7179,50.159,G4,15
7399.35255,7506.53401,107.181,G4,15
7561.48163,7652.92991,91.448,G4,15
8185.42269,8276.68582,91.263,G4,15
8348.84519,8439.47954,90.634,G4,15
67.97956,246.12335,178.144,G4,16
527.46584,758.64558,231.18,G4,16
797.73467,1035.23061,237.496,G4,16
1316.96437,1482.84627,165.882,G4,16
1572.17082,1822.94661,250.776,G4,16
2112.44861,2191.60261,79.154,G4,16
2356.72705,2471.42289,114.696,G4,16
2514.99831,2609.99942,95.001,G4,16
3142.63511,3236.13547,93.5,G4,16
3307.20072,3396.63002,89.429,G4,16
3929.04736,4018.32119,89.274,G4,16
4083.03426,4182.86342,99.829,G4,16
4715.84813,4968.40905,252.561,G4,16
5098.51641,5218.63228,120.116,G4,16
5503.14831,5751.20298,248.055,G4,16
5812.60458,6010.30111,197.697,G4,16
6291.33742,6508.25969,216.922,G4,16
6554.60182,6798.91094,244.309,G4,16
7081.68598,7226.28385,144.598,G4,16
7334.57924,7586.41407,251.835,G4,16
7883.37909,7928.35476,44.976,G4,16
8119.73243,8226.02374,106.291,G4,16
8282.23918,8373.34706,91.108,G4,16
74.5518,173.3514,98.8,G4,17
460.03509,709.78108,249.746,G4,17
786.00591,966.65782,180.652,G4,17
1247.94292,1477.59049,229.648,G4,17
1517.10231,1755.69514,238.593,G4,17
2037.53286,2200.81605,163.283,G4,17
2292.45129,2543.38221,250.931,G4,17
2833.51484,2908.99987,75.485,G4,17
3077.09821,3190.54987,113.452,G4,17
3236.08332,3330.41922,94.336,G4,17
3863.03148,3956.16395,93.132,G4,17
4027.48281,4117.03816,89.555,G4,17
4649.45847,4738.85142,89.393,G4,17
4802.79066,4903.25737,100.467,G4,17
5436.27433,5688.76785,252.494,G4,17
5816.29398,5939.32341,123.029,G4,17
6223.59704,6471.34181,247.745,G4,17
6530.76295,6730.8092,200.046,G4,17
7011.83098,7226.69797,214.867,G4,17
7274.46943,7519.36569,244.896,G4,17
7802.30839,7944.16195,141.854,G4,17
8054.90239,8306.8448,251.942,G4,17
8605.47162,8640,34.528,G4,17
393.30394,495.80062,102.497,G4,18
520.08189,646.21739,126.135,G4,18
792.20041,894.16319,101.963,G4,18
1180.47692,1430.0229,249.546,G4,18
1504.04526,1687.18849,183.143,G4,18
1968.42185,2196.45859,228.037,G4,18
2236.54633,2476.15818,239.612,G4,18
2758.10689,2918.77418,160.667,G4,18
3012.73854,3263.81708,251.079,G4,18
3554.6375,3626.33961,71.702,G4,18
3797.47069,3909.74543,112.275,G4,18
3957.10526,4050.83863,93.733,G4,18
4583.42849,4676.20948,92.781,G4,18
4747.7491,4837.44596,89.697,G4,18
5369.87009,5459.40352,89.533,G4,18
5522.52224,5623.65074,101.129,G4,18
6156.70114,6409.12453,252.423,G4,18
6534.08543,6660.00207,125.917,G4,18
6944.04684,7191.45945,247.413,G4,18
7248.94409,7451.31453,202.37,G4,18
7732.32693,7945.09154,212.765,G4,18
7994.38043,8239.81933,245.439,G4,18
8522.93931,8640,117.061,G4,18
44.40905,183.56862,139.16,G4,21
300.88796,439.94528,139.057,G4,21
869.2949,1008.57079,139.276,G4,21
1126.14407,1264.66089,138.517,G4,21
1694.27809,1833.15071,138.873,G4,21
1951.25227,2089.30428,138.052,G4,21
2519.22136,2657.50282,138.281,G4,21
2775.97552,2914.01346,138.038,G4,21
3344.0201,3481.99674,137.977,G4,21
3600.39095,3738.87447,138.484,G4,21
4168.68765,4306.89271,138.205,G4,21
4424.81659,4563.85111,139.035,G4,21
4993.34273,5132.1329,138.79,G4,21
5249.56593,5388.81144,139.246,G4,21
5818.1143,5957.37091,139.257,G4,21
6074.69834,6213.6369,138.939,G4,21
6643.03857,6782.25863,139.22,G4,21
6899.95499,7038.31909,138.364,G4,21
7468.0273,7606.74199,138.715,G4,21
7724.97189,7862.96511,137.993,G4,21
8292.93857,8431.09107,138.152,G4,21
8549.58829,8640,90.412,G4,21
0,80.02305,80.023,G4,22
197.56112,336.79449,139.233,G4,22
766.1215,905.29515,139.174,G4,22
1022.61334,1161.65739,139.044,G4,22
1591.01243,1730.2836,139.271,G4,22
1847.8711,1986.36848,138.497,G4,22
2415.99692,2554.85059,138.854,G4,22
2672.96891,2811.01159,138.043,G4,22
3240.93664,3379.20062,138.264,G4,22
3497.67846,3635.7249,138.046,G4,22
4065.72991,4203.70501,137.975,G4,22
4322.0878,4460.59141,138.504,G4,22
4890.3945,5028.61589,138.221,G4,22
5146.51964,5285.57008,139.05,G4,22
5715.05149,5853.86319,138.812,G4,22
5971.28286,6110.52755,139.245,G4,22
6539.82835,6679.09448,139.266,G4,22
6796.42562,6935.34752,138.922,G4,22
7364.75703,7503.9672,139.21,G4,22
7621.68029,7760.02613,138.346,G4,22
8189.74566,8328.43989,138.694,G4,22
8446.68458,8584.67315,137.989,G4,22
94.60605,233.53744,138.931,G4,23
663.09287,801.75265,138.66,G4,23
919.27456,1058.51162,139.237,G4,23
1487.83417,1627.02127,139.187,G4,23
1744.33895,1883.36931,139.03,G4,23
2312.73009,2451.99582,139.266,G4,23
2569.59796,2708.07597,138.478,G4,23
3137.7157,3276.55011,138.834,G4,23
3394.68511,3532.71892,138.034,G4,23
3962.65175,4100.89873,138.247,G4,23
4219.38099,4357.4366,138.056,G4,23
4787.43955,4925.41385,137.974,G4,23
5043.78449,5182.30842,138.524,G4,23
5612.10133,5750.33947,138.238,G4,23
5868.22297,6007.28906,139.066,G4,23
6436.76038,6575.59359,138.833,G4,23
6693.00032,6832.2435,139.243,G4,23
7261.54259,7400.81762,139.275,G4,23
7518.15312,7657.05795,138.905,G4,23
8086.47558,8225.67541,139.2,G4,23
8343.40527,8481.73304,138.328,G4,23
0,130.29269,130.293,G4,24
560.15286,698.28405,138.131,G4,24
816.30695,955.25633,138.949,G4,24
1384.80088,1523.48247,138.682,G4,24
1640.98854,1780.22861,139.24,G4,24
2209.54703,2348.7472,139.2,G4,24
2466.06489,2605.08104,139.016,G4,24
3034.44787,3173.70765,139.26,G4,24
3291.32461,3429.78337,138.459,G4,24
3859.43445,3998.24946,138.815,G4,24
4116.40072,4254.42636,138.026,G4,24
4684.36667,4822.59689,138.23,G4,24
4941.08308,5079.14849,138.065,G4,24
5509.14903,5647.12309,137.974,G4,24
5765.48127,5904.0255,138.544,G4,24
6333.80814,6472.06343,138.255,G4,24
6589.92686,6729.00802,139.081,G4,24
7158.46943,7297.32392,138.854,G4,24
7414.71821,7553.95928,139.241,G4,24
7983.25702,8122.54028,139.283,G4,24
8239.88086,8378.76821,138.887,G4,24
0,27.16924,27.169,G4,25
457.17913,595.16824,137.989,G4,25
713.60347,852.00866,138.405,G4,25
1281.8599,1420.00476,138.145,G4,25
1538.00825,1676.97525,138.967,G4,25
2106.50901,2245.21232,138.703,G4,25
2362.70296,2501.94546,139.243,G4,25
2931.26009,3070.47264,139.213,G4,25
3187.79115,3326.79259,139.001,G4,25
3756.16578,3895.41881,139.253,G4,25
4013.05119,4151.49068,138.439,G4,25
4581.15314,4719.94839,138.795,G4,25
4838.116,4976.13394,138.018,G4,25
5406.08142,5544.29528,138.214,G4,25
5662.78483,5800.86058,138.076,G4,25
6230.85835,6368.83299,137.975,G4,25
6487.1781,6625.74289,138.565,G4,25
7055.51493,7193.78796,138.273,G4,25
7311.63101,7450.72696,139.096,G4,25
7880.17862,8019.05418,138.876,G4,25
8136.43663,8275.6749,139.238,G4,25
354.07451,492.40999,138.335,G4,26
610.86432,748.88004,138.016,G4,26
1178.88963,1316.87472,137.985,G4,26
1435.30046,1573.72494,138.424,G4,26
2003.5669,2141.7261,138.159,G4,26
2259.70973,2398.69419,138.984,G4,26
2828.21725,2966.94237,138.725,G4,26
3084.41794,3223.66218,139.244,G4,26
3652.97335,3792.19776,139.224,G4,26
3909.51754,4048.50394,138.986,G4,26
4477.88381,4617.12955,139.246,G4,26
4734.77743,4873.19783,138.42,G4,26
5302.87178,5441.64721,138.775,G4,26
5559.83064,5697.84157,138.011,G4,26
6127.79599,6265.99384,138.198,G4,26
6384.48623,6522.57295,138.087,G4,26
6952.56752,7090.54327,137.976,G4,26
7208.87495,7347.46034,138.585,G4,26
7777.22172,7915.51283,138.291,G4,26
8033.33574,8172.44587,139.11,G4,26
8601.88797,8640,38.112,G4,26
250.84036,389.75009,138.91,G4,27
507.81755,645.88986,138.072,G4,27
1075.79029,1214.1075,138.317,G4,27
1332.56848,1470.591,138.023,G4,27
1900.59996,2038.58154,137.982,G4,27
2156.99736,2295.44131,138.444,G4,27
2725.27386,2863.44785,138.174,G4,27
2981.41171,3120.41315,139.001,G4,27
3549.92561,3688.67249,138.747,G4,27
3806.13349,3945.37875,139.245,G4,27
4374.6868,4513.92258,139.236,G4,27
4631.24432,4770.21511,138.971,G4,27
5199.60196,5338.83976,139.238,G4,27
5456.50354,5594.90507,138.402,G4,27
6024.59036,6163.34571,138.755,G4,27
6281.54494,6419.54935,138.004,G4,27
6849.51037,6987.69269,138.182,G4,27
7106.18734,7244.28535,138.098,G4,27
7674.27652,7812.25412,137.978,G4,27
7930.57186,8069.17793,138.606,G4,27
8498.92851,8637.23805,138.31,G4,27
147.57751,286.85742,139.28,G4,28
404.41685,542.95312,138.536,G4,28
972.55924,1111.45051,138.891,G4,28
1229.5352,1367.59704,138.062,G4,28
1797.50591,1935.80502,138.299,G4,28
2054.27224,2192.30209,138.03,G4,28
2622.31011,2760.28888,137.979,G4,28
2878.69415,3017.15785,138.464,G4,28
3446.98077,3585.17002,138.189,G4,28
3703.11393,3842.13213,139.018,G4,28
4271.63411,4410.40272,138.769,G4,28
4527.84938,4667.09517,139.246,G4,28
5096.40045,5235.64691,139.246,G4,28
5352.97119,5491.9261,138.955,G4,28
5921.32021,6060.54947,139.229,G4,28
6178.22933,6316.61215,138.383,G4,28
6746.30887,6885.04393,138.735,G4,28
7003.25864,7141.25719,137.999,G4,28
7571.22457,7709.39176,138.167,G4,28
7827.88794,7965.9981,138.11,G4,28
8395.98538,8533.96555,137.98,G4,28
55.34444,140.79433,85.45,G4,31
680.66682,766.12579,85.459,G4,31
833.5107,923.76236,90.252,G4,31
1140.59413,1194.04109,53.447,G4,31
1464.52297,1558.1666,93.644,G4,31
1594.40333,1704.58763,110.184,G4,31
1864.85702,1980.02097,115.164,G4,31
2248.96443,2480.02868,231.064,G4,31
2594.83379,2765.30494,170.471,G4,31
3033.75662,3241.77742,208.021,G4,31
3338.49956,3550.32397,211.824,G4,31
3818.79836,3983.24699,164.449,G4,31
4102.45013,4335.08194,232.632,G4,31
4604.1083,4712.286,108.178,G4,31
4878.84078,4984.96443,106.124,G4,31
5028.37836,5119.46625,91.088,G4,31
5390.24666,5436.09273,45.846,G4,31
5660.02245,5749.10595,89.083,G4,31
5817.60862,5903.21931,85.611,G4,31
6443.1434,6528.82892,85.686,G4,31
6592.16361,6685.75849,93.595,G4,31
6886.52104,6957.39332,70.872,G4,31
7227.18637,7465.58498,238.399,G4,31
7612.02384,7743.02215,130.998,G4,31
8011.7322,8238.36973,226.638,G4,31
8344.68002,8528.20937,183.529,G4,31
0,77.15728,77.157,G4,32
347.34533,408.45033,61.105,G4,32
618.17524,709.77087,91.596,G4,32
775.6821,861.1018,85.42,G4,32
1400.97265,1486.40825,85.436,G4,32
1553.40501,1644.02091,90.616,G4,32
1858.81187,1914.4762,55.664,G4,32
2184.85395,2279.42293,94.569,G4,32
2313.21812,2424.7347,111.517,G4,32
2583.22931,2700.39855,117.169,G4,32
2969.30933,3199.88085,230.572,G4,32
3313.50463,3485.66932,172.165,G4,32
3754.11004,3960.97576,206.866,G4,32
4057.82579,4270.67891,212.853,G4,32
4539.1584,4701.8463,162.688,G4,32
4822.37825,5055.42578,233.048,G4,32
5324.47814,5430.63724,106.159,G4,32
5599.01858,5704.15198,105.133,G4,32
5749.29347,5839.79319,90.5,G4,32
6110.68217,6154.30068,43.619,G4,32
6380.29483,6469.07563,88.781,G4,32
6537.82399,6623.51651,85.693,G4,32
7163.45749,7249.24247,85.785,G4,32
7311.9087,7405.99547,94.087,G4,32
7604.78766,7677.79664,73.009,G4,32
7947.52166,8185.67819,238.157,G4,32
8330.45247,8463.39442,132.942,G4,32
0,13.00888,13.009,G4,33
281.89801,402.07026,120.172,G4,33
557.88361,671.57421,113.691,G4,33
701.25646,797.48925,96.233,G4,33
1067.7481,1126.70135,58.953,G4,33
1338.43233,1429.62512,91.193,G4,33
1496.0036,1581.40806,85.404,G4,33
2121.27969,2206.70597,85.426,G4,33
2273.28226,2364.27702,90.995,G4,33
2577.03713,2634.90568,57.869,G4,33
2905.18551,3000.80419,95.619,G4,33
3031.90248,3144.87576,112.973,G4,33
3301.60796,3420.77551,119.168,G4,33
3689.65454,3919.71702,230.062,G4,33
4032.1916,4206.03328,173.842,G4,33
4474.46363,4680.1486,205.685,G4,33
4777.1778,4991.03365,213.856,G4,33
5259.51852,5420.43263,160.914,G4,33
5542.31955,5775.76917,233.45,G4,33
6044.8484,6148.98381,104.135,G4,33
6319.20122,6423.39552,104.194,G4,33
6470.15715,6560.11939,89.962,G4,33
6831.12547,6872.49965,41.374,G4,33
7100.56916,7189.06067,88.492,G4,33
7258.02483,7343.81229,85.787,G4,33
7883.7725,7969.67441,85.902,G4,33
8031.63256,8126.22938,94.597,G4,33
8323.05937,8398.19737,75.138,G4,33
217.00082,390.03918,173.038,G4,34
503.02351,733.35552,230.332,G4,34
1002.26544,1120.45337,118.188,G4,34
1278.02912,1390.18392,112.155,G4,34
1422.71918,1517.82052,95.101,G4,34
1788.15402,1844.94761,56.794,G4,34
2058.69187,2149.4969,90.805,G4,34
2216.30928,2301.71312,85.404,G4,34
2841.58771,2927.01915,85.431,G4,34
2993.14206,3084.53062,91.389,G4,34
3295.2694,3355.33015,60.061,G4,34
3625.51763,3722.34681,96.829,G4,34
3750.41971,3865.0106,114.591,G4,34
4019.99312,4141.15158,121.158,G4,34
4410.00005,4639.53658,229.537,G4,34
4750.8952,4926.39696,175.502,G4,34
5194.81755,5399.29605,204.478,G4,34
5496.55534,5711.38788,214.833,G4,34
5979.87894,6139.0064,159.127,G4,34
6262.2736,6496.11215,233.839,G4,34
6765.2191,6867.32567,102.107,G4,34
7039.38838,7142.68964,103.301,G4,34
7190.97476,7280.44483,89.47,G4,34
7551.57788,7590.68832,39.11,G4,34
7820.84548,7909.06085,88.215,G4,34
7978.21123,8064.10662,85.895,G4,34
8604.08842,8640,35.912,G4,34
152.34488,364.72685,212.382,G4,35
461.45261,668.9002,207.448,G4,35
937.36002,1108.71054,171.351,G4,35
1222.87877,1453.70172,230.823,G4,35
1722.63331,1838.8306,116.197,G4,35
1998.18054,2108.94075,110.76,G4,35
2144.04006,2238.1511,94.111,G4,35
2508.56348,2563.18857,54.625,G4,35
2778.95362,2869.38581,90.432,G4,35
2936.5994,3022.01695,85.418,G4,35
3561.89677,3647.34812,85.451,G4,35
3712.984,3804.78166,91.798,G4,35
4013.50799,4075.75013,62.242,G4,35
4345.85032,4444.11135,98.261,G4,35
4468.70924,4585.13916,116.43,G4,35
4738.385,4861.52707,123.142,G4,35
5130.34588,5359.33931,228.993,G4,35
5469.61599,5646.76013,177.144,G4,35
5915.17154,6118.41827,203.247,G4,35
6215.95828,6431.74179,215.784,G4,35
6700.23953,6857.56804,157.329,G4,35
6982.23989,7216.45455,234.215,G4,35
7485.59023,7585.6631,100.073,G4,35
7759.58006,7862.0297,102.45,G4,35
7911.75063,8000.76942,89.019,G4,35
8272.0411,8308.86525,36.824,G4,35
8541.12356,8629.076,87.952,G4,35
87.93194,320.38108,232.449,G4,36
438.91328,604.20948,165.296,G4,36
872.69747,1084.02808,211.331,G4,36
1180.6756,1389.25665,208.581,G4,36
1657.71928,1827.36646,169.647,G4,36
1942.74947,2174.04746,231.298,G4,36
2443.0015,2557.20234,114.201,G4,36
2718.3376,2827.81501,109.477,G4,36
2865.24878,2958.48097,93.232,G4,36
3228.9769,3281.42416,52.447,G4,36
3499.21761,3589.2915,90.074,G4,36
3656.87421,3742.31951,85.445,G4,36
4282.20692,4367.69324,85.486,G4,36
4432.80763,4525.03005,92.222,G4,36
4731.75278,4796.166,64.413,G4,36
5066.18357,5166.21148,100.028,G4,36
5186.65734,5305.26108,118.604,G4,36
5456.78373,5581.90177,125.118,G4,36
5850.69201,6079.12441,228.432,G4,36
6188.35431,6367.12299,178.769,G4,36
6635.52584,6837.51547,201.99,G4,36
6935.38632,7152.09543,216.709,G4,36
7420.60025,7576.11796,155.518,G4,36
7702.21812,7936.79638,234.578,G4,36
8205.96199,8303.99612,98.034,G4,36
8479.7761,8581.41199,101.636,G4,36
8632.48854,8640,7.511,G4,36
23.8629,115.93885,92.076,G4,37
156.47292,264.27658,107.804,G4,37
428.13102,539.26314,111.132,G4,37
808.27578,1040.27836,232.003,G4,37
1157.53862,1324.57502,167.036,G4,37
1593.05028,1803.30366,210.253,G4,37
1899.92429,2109.61276,209.688,G4,37
2378.07877,2546.00756,167.929,G4,37
2662.63529,2894.39274,231.757,G4,37
3163.37006,3275.56872,112.199,G4,37
3438.50011,3546.78621,108.286,G4,37
3586.36565,3678.8101,92.444,G4,37
3949.3948,3999.65365,50.259,G4,37
4219.48379,4309.21361,89.73,G4,37
4377.13383,4462.62078,85.487,G4,37
5002.51809,5088.05472,85.537,G4,37
5152.61247,5245.27563,92.663,G4,37
5450.00336,5516.57831,66.575,G4,37
5786.51732,5888.9219,102.405,G4,37
5903.98896,6025.37611,121.387,G4,37
6175.18968,6302.27589,127.086,G4,37
6571.03841,6798.89158,227.853,G4,37
6907.11071,7087.48548,180.375,G4,37
7355.88027,7556.58794,200.708,G4,37
7654.83918,7872.44853,217.609,G4,37
8140.96114,8294.65658,153.695,G4,37
8422.20784,8640,217.792,G4,37
0,45.85836,45.858,G4,38
113.59973,203.50145,89.902,G4,38
422.38444,473.59962,51.215,G4,38
744.19259,837.01089,92.818,G4,38
875.48254,984.43491,108.952,G4,38
1146.49104,1259.64245,113.151,G4,38
1528.61997,1760.16099,231.541,G4,38
1876.1786,2044.94021,168.762,G4,38
2313.40338,2522.55338,209.15,G4,38
2619.19896,2829.96858,210.77,G4,38
3098.43849,3264.63423,166.196,G4,38
3382.53575,3614.73764,232.202,G4,38
3883.73902,3993.92991,110.191,G4,38
4158.66789,4265.8397,107.172,G4,38
4307.4052,4399.13854,91.733,G4,38
4669.81785,4717.8768,48.059,G4,38
4939.75208,5029.15186,89.4,G4,38
5097.37861,5182.92072,85.542,G4,38
5722.83026,5808.4332,85.603,G4,38
5872.39799,5965.51854,93.121,G4,38
6168.25958,6236.98731,68.728,G4,38
6506.85159,6613.64457,106.793,G4,38
6619.30225,6745.48417,126.182,G4,38
6893.603,7022.64932,129.046,G4,38
7291.3851,7518.64019,227.255,G4,38
7625.88579,7807.8476,181.962,G4,38
8076.23488,8275.63592,199.401,G4,38
8374.31672,8592.80141,218.485,G4,38
78.49244,217.71753,139.225,G6,11
335.12831,473.98591,138.858,G6,11
903.42167,1042.56484,139.143,G6,11
1160.35668,1298.66636,138.31,G6,11
1728.39977,1867.03812,138.638,G6,11
1985.33237,2123.32516,137.993,G6,11
2553.29349,2691.41439,138.121,G6,11
2809.92801,2948.08814,138.16,G6,11
3378.03881,3516.04388,138.005,G6,11
3634.32101,3772.99822,138.677,G6,11
4202.6921,4341.08121,138.389,G6,11
4458.84742,4597.97877,139.131,G6,11
5027.38342,5166.35157,138.968,G6,11
5283.74285,5422.89456,139.152,G6,11
5852.21301,5991.48084,139.268,G6,11
6108.94678,6247.66343,138.717,G6,11
6677.17007,6816.21284,139.043,G6,11
6934.13914,7072.32294,138.184,G6,11
7502.13911,7640.62023,138.481,G6,11
7759.0112,7896.99795,137.987,G6,11
8326.99432,8465.0306,138.036,G6,11
8583.52026,8640,56.48,G6,11
0,114.2469,114.247,G6,12
231.70522,370.89089,139.186,G6,12
800.20687,939.43944,139.233,G6,12
1056.85527,1195.69616,138.841,G6,12
1625.13999,1764.27244,139.132,G6,12
1882.08064,2020.3735,138.293,G6,12
2450.11755,2588.73633,138.619,G6,12
2707.04383,2845.03377,137.99,G6,12
3275.00673,3413.1153,138.109,G6,12
3531.62783,3669.8016,138.174,G6,12
4099.74725,4237.75763,138.01,G6,12
4356.01921,4494.71617,138.697,G6,12
4924.39932,5062.80786,138.409,G6,12
5180.5553,5319.69699,139.142,G6,12
5749.09401,5888.08035,138.986,G6,12
6005.46422,6144.60868,139.144,G6,12
6573.92887,6713.1992,139.27,G6,12
6830.67439,6969.37252,138.698,G6,12
7398.88883,7537.91692,139.028,G6,12
7655.86045,7794.02988,138.169,G6,12
8223.856,8362.31762,138.462,G6,12
8480.71897,8618.70761,137.989,G6,12
0,10.7287,10.729,G6,13
128.6096,267.66835,139.059,G6,13
697.12334,835.97637,138.853,G6,13
953.42363,1092.60619,139.183,G6,13
1521.92149,1661.16101,139.24,G6,13
1778.58237,1917.40625,138.824,G6,13
2346.85839,2485.97954,139.121,G6,13
2603.80426,2742.08061,138.276,G6,13
3171.83524,3310.43427,138.599,G6,13
3428.75488,3566.74258,137.988,G6,13
3996.7198,4134.81643,138.097,G6,13
4253.32754,4391.51541,138.188,G6,13
4821.45556,4959.47192,138.016,G6,13
5077.71762,5216.43423,138.717,G6,13
5646.10659,5784.53477,138.428,G6,13
5902.26364,6041.41514,139.152,G6,13
6470.80477,6609.80903,139.004,G6,13
6727.18603,6866.32262,139.137,G6,13
7295.6449,7434.91706,139.272,G6,13
7552.40202,7691.0814,138.679,G6,13
8120.60762,8259.62048,139.013,G6,13
8377.58127,8515.73699,138.156,G6,13
25.8318,164.41018,138.578,G6,14
594.15639,732.45315,138.297,G6,14
850.31479,989.38685,139.072,G6,14
1418.83295,1557.70571,138.873,G6,14
1675.14237,1814.32134,139.179,G6,14
2243.6363,2382.88214,139.246,G6,14
2500.30959,2639.11618,138.807,G6,14
3068.57686,3207.68625,139.109,G6,14
3325.52758,3463.78776,138.26,G6,14
3893.55282,4032.13212,138.579,G6,14
4150.46547,4288.45146,137.986,G6,14
4718.43268,4856.51801,138.085,G6,14
4975.02686,5113.22933,138.202,G6,14
5543.16376,5681.18672,138.023,G6,14
5799.41615,5938.15237,138.736,G6,14
6367.8139,6506.2621,138.448,G6,14
6623.97241,6763.13322,139.161,G6,14
7192.5157,7331.53761,139.022,G6,14
7448.9082,7588.03639,139.128,G6,14
8017.36109,8156.63441,139.273,G6,14
8274.12952,8412.79014,138.661,G6,14
0,61.23588,61.236,G6,15
491.20381,629.19407,137.99,G6,15
747.52941,886.12754,138.598,G6,15
1315.8635,1454.17811,138.315,G6,15
1572.02045,1711.10532,139.085,G6,15
2140.54273,2279.43508,138.892,G6,15
2396.86162,2536.03632,139.175,G6,15
2965.35128,3104.60281,139.252,G6,15
3222.03681,3360.82595,138.789,G6,15
3790.2954,3929.39249,139.097,G6,15
4047.25054,4185.49474,138.244,G6,15
4615.27031,4753.82996,138.56,G6,15
4872.17549,5010.16048,137.985,G6,15
5440.14538,5578.21977,138.074,G6,15
5696.726,5834.94336,138.217,G6,15
6264.87185,6402.90194,138.03,G6,15
6521.11476,6659.87061,138.756,G6,15
7089.52126,7227.98956,138.468,G6,15
7345.68163,7484.85122,139.17,G6,15
7914.22681,8053.26586,139.039,G6,15
8170.6307,8309.74996,139.119,G6,15
388.1527,526.3134,138.161,G6,16
644.82661,782.94866,138.122,G6,16
1212.91275,1350.9058,137.993,G6,16
1469.22724,1607.84503,138.618,G6,16
2037.57061,2175.90328,138.333,G6,16
2293.72659,2432.82375,139.097,G6,16
2862.25265,3001.16428,138.912,G6,16
3118.58132,3257.75113,139.17,G6,16
3687.06645,3826.32296,139.257,G6,16
3943.76427,4082.53556,138.771,G6,16
4512.01399,4651.09826,139.084,G6,16
4768.97322,4907.20186,138.229,G6,16
5336.98769,5475.52758,138.54,G6,16
5593.88518,5731.86963,137.984,G6,16
6161.85789,6299.922,138.064,G6,16
6418.42485,6556.65773,138.233,G6,16
6986.57983,7124.61782,138.038,G6,16
7242.81365,7381.58893,138.775,G6,16
7811.22868,7949.71745,138.489,G6,16
8067.39128,8206.56913,139.178,G6,16
8635.93809,8640,4.062,G6,16
284.964,423.64142,138.677,G6,17
541.90794,679.90833,138,G6,17
1109.86647,1248.01344,138.147,G6,17
1366.52732,1504.66155,138.134,G6,17
1934.62157,2072.61801,137.996,G6,17
2190.92502,2329.56265,138.638,G6,17
2759.27775,2897.62897,138.351,G6,17
3015.43304,3154.54214,139.109,G6,17
3583.96274,3722.89355,138.931,G6,17
3840.30135,3979.46578,139.164,G6,17
4408.78179,4548.0427,139.261,G6,17
4665.49166,4804.24503,138.753,G6,17
5233.73264,5372.80358,139.071,G6,17
5490.69557,5628.90881,138.213,G6,17
6058.70495,6197.2252,138.52,G6,17
6315.59426,6453.57892,137.985,G6,17
6883.57022,7021.62443,138.054,G6,17
7140.12353,7278.37221,138.249,G6,17
7708.28771,7846.33406,138.046,G6,17
7964.51275,8103.30733,138.795,G6,17
8532.93615,8640,107.064,G6,17
181.70344,320.85681,139.153,G6,18
438.63243,576.95927,138.327,G6,18
1006.68191,1145.3399,138.658,G6,18
1263.62032,1401.61669,137.996,G6,18
1831.58007,1969.71376,138.134,G6,18
2088.22778,2226.37471,138.147,G6,18
2656.33025,2794.33067,138,G6,18
2912.62299,3051.28038,138.657,G6,18
3480.98491,3619.35494,138.37,G6,18
3737.14008,3876.26048,139.12,G6,18
4305.673,4444.62259,138.95,G6,18
4562.02197,4701.18025,139.158,G6,18
5130.49732,5269.76207,139.265,G6,18
5387.21919,5525.95434,138.735,G6,18
5955.45133,6094.5084,139.057,G6,18
6212.41758,6350.61592,138.198,G6,18
6780.42209,6918.92267,138.501,G6,18
7037.30295,7175.28832,137.985,G6,18
7605.28237,7743.32733,138.045,G6,18
7861.82206,8000.08687,138.265,G6,18
8429.99549,8568.05086,138.055,G6,18
0,7.26111,7.261,G6,21
76.12967,161.93837,85.809,G6,21
701.70054,787.60254,85.902,G6,21
850.12014,944.48727,94.367,G6,21
1143.00937,1215.50985,72.5,G6,21
1485.83745,1724.24833,238.411,G6,21
1868.22655,2001.4264,133.2,G6,21
2270.46605,2496.68124,226.215,G6,21
2601.05018,2786.73605,185.686,G6,21
3055.41349,3252.03133,196.618,G6,21
3350.97968,3571.75495,220.775,G6,21
3840.6334,3988.15523,147.522,G6,21
4120.13189,4356.47389,236.342,G6,21
4626.29205,4714.76274,88.471,G6,21
4898.66869,4997.36099,98.692,G6,21
5053.47452,5140.75575,87.281,G6,21
5415.19439,5435.05532,19.861,G6,21
5680.72105,5767.59913,86.878,G6,21
5837.31615,5924.27965,86.963,G6,21
6168.55768,6190.15486,21.597,G6,21
6464.26541,6551.70763,87.442,G6,21
6607.18731,6706.28553,99.098,G6,21
6889.15656,6978.78775,89.631,G6,21
7248.55538,7484.70746,236.152,G6,21
7615.89139,7764.43012,148.539,G6,21
8033.27462,8253.57358,220.299,G6,21
8352.31186,8549.64032,197.328,G6,21
8.55486,98.48109,89.926,G6,22
370.67785,409.13728,38.459,G6,22
638.72727,727.25149,88.524,G6,22
796.32836,882.23633,85.908,G6,22
1422.01816,1508.04215,86.024,G6,22
1569.83843,1664.72372,94.885,G6,22
1861.2577,1935.92963,74.672,G6,22
2206.17549,2444.33623,238.161,G6,22
2586.6529,2721.80424,135.151,G6,22
2990.81613,3216.36914,225.553,G6,22
3319.8811,3507.10039,187.219,G6,22
3775.77185,3970.99483,195.223,G6,22
4070.53711,4292.10903,221.572,G6,22
4561.00038,4706.63792,145.638,G6,22
4840.17143,5076.81525,236.644,G6,22
5346.68096,5433.05545,86.374,G6,22
5618.88904,5716.92208,98.033,G6,22
5774.05644,5861.07726,87.021,G6,22
6136.15902,6152.72103,16.562,G6,22
6401.01233,6487.70659,86.694,G6,22
6557.39969,6644.56509,87.165,G6,22
6886.37497,6910.97089,24.596,G6,22
7184.58971,7272.32811,87.738,G6,22
7326.69715,7426.49404,99.797,G6,22
7607.44969,7699.18689,91.737,G6,22
7968.89703,8204.72173,235.825,G6,22
8334.39397,8484.80285,150.409,G6,22
0,34.41461,34.415,G6,23
303.98362,404.91222,100.929,G6,23
577.42698,680.69083,103.264,G6,23
729.36517,818.80851,89.443,G6,23
1091.21056,1127.24093,36.03,G6,23
1359.00696,1447.25701,88.25,G6,23
1516.51259,1602.53285,86.02,G6,23
2142.33667,2228.50105,86.164,G6,23
2289.53444,2384.95704,95.423,G6,23
2579.51211,2656.34618,76.834,G6,23
2926.5141,3164.41602,237.902,G6,23
3305.0878,3442.18123,137.093,G6,23
3711.1665,3936.03618,224.87,G6,23
4038.73287,4227.46446,188.732,G6,23
4496.13044,4689.93512,193.805,G6,23
4790.11776,5012.46272,222.345,G6,23
5281.36765,5425.11114,143.743,G6,23
5560.22053,5797.15607,236.936,G6,23
6067.07123,6151.34373,84.273,G6,23
6339.11289,6436.51137,97.398,G6,23
6494.61354,6581.39779,86.784,G6,23
6857.37365,6870.1362,12.763,G6,23
7121.30518,7207.82826,86.523,G6,23
7277.46878,7364.84871,87.38,G6,23
7604.27749,7631.70281,27.425,G6,23
7904.91469,7992.97731,88.063,G6,23
8046.17436,8146.69855,100.524,G6,23
8325.74822,8419.58425,93.836,G6,23
238.80314,395.58734,156.784,G6,24
520.08988,754.75914,234.669,G6,24
1024.36571,1123.23216,98.866,G6,24
1297.62376,1400.04124,102.417,G6,24
1450.13466,1539.13513,89,G6,24
1811.76633,1845.32035,33.554,G6,24
2079.28839,2167.27748,87.989,G6,24
2236.68241,2322.82789,86.145,G6,24
2862.65606,2948.9799,86.324,G6,24
3009.2073,3105.18713,95.98,G6,24
3297.77226,3376.75958,78.987,G6,24
3646.85319,3884.4874,237.634,G6,24
4023.53147,4162.55763,139.026,G6,24
4431.51709,4655.68187,224.165,G6,24
4757.60626,4947.828,190.222,G6,24
5216.48925,5408.85276,192.364,G6,24
5509.72119,5732.81606,223.095,G6,24
6001.73525,6143.57521,141.84,G6,24
6280.27884,6517.49635,237.218,G6,24
6787.4631,6869.62773,82.165,G6,24
7059.34004,7156.12752,96.787,G6,24
7215.14708,7301.71747,86.57,G6,24
7579.18956,7586.94957,7.76,G6,24
7841.59949,7927.96412,86.365,G6,24
7997.52307,8085.13054,87.607,G6,24
8322.24161,8352.37419,30.133,G6,24
8625.2404,8640,14.76,G6,24
173.98225,375.93739,201.955,G6,25
472.99142,690.3346,217.343,G6,25
959.16864,1114.12274,154.954,G6,25
1240.07636,1475.10316,235.027,G6,25
1744.74878,1841.54743,96.799,G6,25
2017.82478,2119.43321,101.608,G6,25
2170.86677,2259.46093,88.594,G6,25
2532.35068,2563.37034,31.02,G6,25
2799.57157,2887.31275,87.741,G6,25
2956.83787,3043.12142,86.284,G6,25
3582.9763,3669.47967,86.503,G6,25
3728.85614,3825.41382,96.558,G6,25
4016.03807,4097.17012,81.132,G6,25
4367.19275,4604.55008,237.357,G6,25
4741.98418,4882.93338,140.949,G6,25
5151.86807,5375.30572,223.438,G6,25
5476.50157,5668.19123,191.69,G6,25
5936.84826,6127.74809,190.9,G6,25
6229.34708,6453.16887,223.822,G6,25
6722.10317,6862.03045,139.927,G6,25
7000.34606,7237.83606,237.49,G6,25
7507.85662,7587.90724,80.051,G6,25
7779.57056,7875.76927,96.199,G6,25
7935.65809,8022.03619,86.378,G6,25
8561.89523,8640,78.105,G6,25
109.41759,337.49748,228.08,G6,26
444.67858,625.64033,180.962,G6,26
894.33966,1094.99758,200.658,G6,26
1192.45165,1410.69027,218.239,G6,26
1679.53442,1832.64682,153.112,G6,26
1960.07407,2195.44665,235.373,G6,26
2465.1329,2559.85801,94.725,G6,26
2738.02991,2838.86365,100.834,G6,26
2891.56446,2979.78592,88.221,G6,26
3252.97128,3281.38309,28.412,G6,26
3519.85648,3607.36266,87.506,G6,26
3676.97898,3763.4134,86.434,G6,26
4016.33386,4026.48386,10.15,G6,26
4303.29737,4390.0012,86.704,G6,26
4448.47975,4545.63717,97.157,G6,26
4734.30944,4817.57803,83.269,G6,26
5087.53276,5324.60367,237.071,G6,26
5460.44629,5603.30849,142.862,G6,26
5872.21931,6094.90726,222.688,G6,26
6195.41933,6388.55406,193.135,G6,26
6657.20749,6846.62164,189.414,G6,26
6948.99488,7173.52134,224.526,G6,26
7442.47142,7580.47715,138.006,G6,26
7720.42186,7958.17518,237.753,G6,26
8228.25199,8306.18237,77.93,G6,26
8499.80427,8595.43549,95.631,G6,26
45.1627,284.0493,238.887,G6,27
431.39819,560.6687,129.271,G6,27
829.7667,1057.24489,227.478,G6,27
1163.4495,1346.00596,182.556,G6,27
1614.6974,1814.03313,199.336,G6,27
1911.93656,2131.04555,219.109,G6,27
2399.90048,2551.15999,151.26,G6,27
2680.08285,2915.78963,235.707,G6,27
3185.5181,3278.16414,92.646,G6,27
3458.23902,3558.32984,100.091,G6,27
3612.23026,3700.11006,87.88,G6,27
3973.63915,3999.34776,25.709,G6,27
4240.14305,4327.42709,87.284,G6,27
4397.10575,4483.70379,86.598,G6,27
4733.3851,4748.06348,14.678,G6,27
5023.61926,5110.54556,86.926,G6,27
5168.07705,5265.85693,97.78,G6,27
5452.58643,5537.98342,85.397,G6,27
5807.8732,6044.64805,236.775,G6,27
6178.91788,6323.68291,144.765,G6,27
6592.5708,6814.48604,221.915,G6,27
6914.36,7108.91651,194.557,G6,27
7377.56694,7565.47393,187.907,G6,27
7668.6641,7893.8734,225.209,G6,27
8162.84,8298.91566,136.076,G6,27
8440.50595,8640,199.494,G6,27
0,67.18156,67.182,G6,28
130.38035,224.24777,93.867,G6,28
424.76729,495.08624,70.319,G6,28
765.49983,1004.15259,238.653,G6,28
1149.80837,1281.04789,131.24,G6,28
1550.11626,1776.97291,226.857,G6,28
1882.2399,2066.37124,184.131,G6,28
2335.05535,2533.04423,197.989,G6,28
2631.44606,2851.40044,219.954,G6,28
3120.26683,3269.66266,149.396,G6,28
3400.10231,3636.13199,236.03,G6,28
3905.90446,3996.4657,90.561,G6,28
4178.45198,4277.8297,99.378,G6,28
4332.86633,4420.43334,87.567,G6,28
4694.37106,4717.24765,22.877,G6,28
4960.43126,5047.50594,87.075,G6,28
5117.21823,5203.99255,86.774,G6,28
5450.86669,5469.21341,18.347,G6,28
5743.94194,5831.11393,87.172,G6,28
5887.64672,5986.07315,98.426,G6,28
6170.86871,6258.38663,87.518,G6,28
6528.21408,6764.68269,236.469,G6,28
6897.3995,7044.0568,146.657,G6,28
7312.92258,7534.04162,221.119,G6,28
7633.32407,7829.27856,195.954,G6,28
8097.92663,8284.30551,186.379,G6,28
8388.35429,8614.22505,225.871,G6,28
283.18975,374.89893,91.709,G6,31
446.93533,537.20688,90.272,G6,31
1069.67084,1159.83338,90.163,G6,31
1219.83386,1323.34989,103.516,G6,31
1530.03767,1552.16046,22.123,G6,31
1856.54637,2108.66625,252.12,G6,31
2225.21183,2360.63975,135.428,G6,31
2643.96489,2889.96905,246.004,G6,31
2941.56511,3151.41655,209.851,G6,31
3432.40025,3637.75152,205.351,G6,31
3692.86642,3939.75009,246.884,G6,31
4223.49755,4353.19265,129.695,G6,31
4474.80713,4727.1236,252.316,G6,31
5260.21764,5362.28974,102.072,G6,31
5424.20002,5513.9765,89.776,G6,31
6046.40002,6136.28346,89.883,G6,31
6208.07769,6300.44412,92.366,G6,31
6832.99383,6926.01661,93.023,G6,31
6975.68978,7086.44948,110.76,G6,31
7261.70451,7328.09659,66.392,G6,31
7620.0013,7871.32894,251.328,G6,31
7968.2839,8125.48068,157.197,G6,31
8407.63578,8640,232.364,G6,31
0,32.2803,32.28,G6,32
217.5454,325.30553,107.76,G6,32
379.38561,471.06399,91.678,G6,32
1003.58903,1095.01613,91.427,G6,32
1167.13323,1257.61284,90.48,G6,32
1790.08441,1880.49248,90.408,G6,32
1939.44375,2043.73992,104.296,G6,32
2244.98426,2275.66327,30.679,G6,32
2576.97581,2829.01097,252.035,G6,32
2943.05898,3081.27222,138.213,G6,32
3364.41937,3609.96198,245.543,G6,32
3659.87764,3871.91059,212.033,G6,32
4152.90716,4355.99492,203.088,G6,32
4412.92136,4660.19915,247.278,G6,32
4944.17156,5071.00498,126.833,G6,32
5195.14771,5447.55138,252.404,G6,32
5980.60337,6081.98161,101.378,G6,32
6144.78095,6234.39114,89.61,G6,32
6766.80377,6856.52796,89.724,G6,32
6928.14829,7020.84704,92.699,G6,32
7553.41157,7646.96993,93.558,G6,32
7694.97141,7806.83324,111.862,G6,32
7978.9609,8049.29226,70.331,G6,32
8340.43653,8591.64347,251.207,G6,32
0,46.04695,46.047,G6,33
152.83488,404.54611,251.711,G6,33
700.47542,749.06148,48.586,G6,33
937.92399,1044.77002,106.846,G6,33
1100.16522,1191.48114,91.316,G6,33
1723.98898,1815.14944,91.16,G6,33
1887.31557,1978.01843,90.703,G6,33
2510.4985,2601.17974,90.681,G6,33
2659.02165,2764.12939,105.108,G6,33
2960.81457,2998.28261,37.468,G6,33
3297.40594,3549.35273,251.947,G6,33
3660.91728,3801.89593,140.979,G6,33
4084.87501,4329.91868,245.044,G6,33
4378.22748,4592.40245,214.175,G6,33
4873.41687,5074.21033,200.793,G6,33
5133.0024,5380.64731,247.645,G6,33
5664.85755,5788.80288,123.945,G6,33
5915.49109,6167.97866,252.488,G6,33
6700.98991,6801.69986,100.71,G6,33
6865.33895,6954.80542,89.466,G6,33
7487.20806,7576.78836,89.58,G6,33
7648.20233,7741.24957,93.047,G6,33
8273.82985,8367.97734,94.147,G6,33
8414.194,8527.21601,113.022,G6,33
0,46.01606,46.016,G6,34
93.08541,337.48997,244.405,G6,34
620.28229,763.93498,143.653,G6,34
873.15399,1124.97704,251.823,G6,34
1422.36711,1465.62799,43.261,G6,34
1658.30369,1764.27294,105.969,G6,34
1820.91084,1911.89793,90.987,G6,34
2444.38942,2535.29875,90.909,G6,34
2607.48224,2698.42366,90.941,G6,34
3230.9131,3321.89708,90.984,G6,34
3378.56573,3484.51807,105.952,G6,34
3677.10903,3720.43796,43.329,G6,34
4017.83674,4269.69128,251.855,G6,34
4378.78613,4522.51134,143.725,G6,34
4805.33188,5049.83556,244.504,G6,34
5096.61824,5312.89214,216.274,G6,34
5593.92963,5792.40003,198.47,G6,34
5853.1072,6101.09457,247.987,G6,34
6385.55624,6506.58564,121.029,G6,34
6635.83736,6888.40545,252.568,G6,34
7421.37726,7521.44342,100.066,G6,34
7585.875,7675.21936,89.344,G6,34
8207.61287,8297.06484,89.452,G6,34
8368.23957,8461.65167,93.412,G6,34
0,9.69924,9.699,G6,35
68.62554,269.4159,200.79,G6,35
550.39927,764.44294,214.044,G6,35
812.96477,1057.94406,244.979,G6,35
1340.90682,1481.81137,140.905,G6,35
1593.47737,1845.40741,251.93,G6,35
2144.56426,2181.88811,37.324,G6,35
2378.68447,2483.81208,105.128,G6,35
2541.62472,2632.31434,90.69,G6,35
3164.79043,3255.46399,90.674,G6,35
3327.63318,3418.82851,91.195,G6,35
3951.32814,4042.64641,91.318,G6,35
4098.0737,4204.906,106.832,G6,35
4393.69949,4442.29782,48.598,G6,35
4738.26822,4990.02652,251.758,G6,35
5096.66552,5243.11915,146.454,G6,35
5525.79002,5769.70854,243.919,G6,35
5815.05367,6033.37978,218.326,G6,35
6314.44546,6510.56581,196.12,G6,35
6573.23351,6821.54089,248.307,G6,35
7106.26888,7224.35259,118.084,G6,35
7356.18607,7608.83166,252.646,G6,35
8141.76556,8241.21132,99.446,G6,35
8306.38991,8395.63294,89.243,G6,35
71.74067,198.68431,126.944,G6,36
482.60845,729.80574,247.197,G6,36
786.81918,989.91991,203.101,G6,36
1270.89571,1482.82641,211.931,G6,36
1532.88614,1778.39709,245.511,G6,36
2061.53998,2199.67564,138.136,G6,36
2313.80446,2565.83727,252.033,G6,36
2867.24485,2897.66411,30.419,G6,36
3099.06635,3203.385,104.319,G6,36
3262.309,3352.7304,90.421,G6,36
3885.192,3975.6451,90.453,G6,36
4047.76831,4139.23298,91.465,G6,36
4671.74377,4763.4301,91.686,G6,36
4817.54323,4925.29314,107.75,G6,36
5110.49807,5163.94955,53.451,G6,36
5458.70042,5710.35815,251.658,G6,36
5814.55509,5963.71949,149.164,G6,36
6246.24939,6489.53333,243.284,G6,36
6533.53806,6753.86532,220.327,G6,36
7034.96444,7228.7097,193.745,G6,36
7293.37955,7541.98628,248.607,G6,36
7826.99621,7942.10277,115.107,G6,36
8076.53732,8329.25747,252.72,G6,36
415.68957,667.96852,252.279,G6,37
789.55218,919.34648,129.794,G6,37
1203.05953,1449.88794,246.828,G6,37
1505.03861,1710.4212,205.383,G6,37
1991.39463,2201.17007,209.775,G6,37
2252.8458,2498.84909,246.003,G6,37
2782.18247,2917.52751,135.345,G6,37
3034.13537,3286.26658,252.131,G6,37
3590.86244,3612.5026,21.64,G6,37
3819.44909,3922.99007,103.541,G6,37
3982.96532,4073.1461,90.181,G6,37
4605.59413,4695.84205,90.248,G6,37
4767.88753,4859.63708,91.75,G6,37
5392.15994,5484.25084,92.091,G6,37
5536.97142,5645.67943,108.708,G6,37
5827.45285,5885.44571,57.993,G6,37
6179.13326,6430.68599,251.553,G6,37
6532.45479,6684.313,151.858,G6,37
6966.71011,7209.30539,242.595,G6,37
7252.07575,7474.34886,222.273,G6,37
7755.48678,7946.83322,191.346,G6,37
8013.54349,8262.4309,248.887,G6,37
8547.73968,8640,92.26,G6,37
349.2577,439.20101,89.943,G6,38
500.19369,602.95905,102.765,G6,38
818.39163,825.35731,6.966,G6,38
1136.1177,1388.31866,252.201,G6,38
1507.37608,1639.9981,132.622,G6,38
1923.51166,2169.94336,246.432,G6,38
2223.28641,2430.92013,207.634,G6,38
2711.8961,2919.4775,207.581,G6,38
2972.84027,3219.30008,246.46,G6,38
3502.83484,3635.36674,132.532,G6,38
3754.46962,4006.69532,252.226,G6,38
4318.56639,4323.25397,4.688,G6,38
4539.8329,4642.62545,102.793,G6,38
4703.59529,4793.56145,89.966,G6,38
5325.9968,5416.05483,90.058,G6,38
5487.99071,5580.04079,92.05,G6,38
6112.57662,6205.11174,92.535,G6,38
6256.35491,6366.06487,109.71,G6,38
6544.52949,6606.82019,62.291,G6,38
6899.56693,7151.00967,251.443,G6,38
7250.36435,7404.89995,154.536,G6,38
7687.17221,7929.02004,241.848,G6,38
7970.67148,8194.8305,224.159,G6,38
8476.01257,8640,163.987,G6,38
0,25.69314,25.693,G5,11
95.36119,182.67277,87.312,G5,11
423.0781,449.202,26.124,G5,11
722.70715,810.66034,87.953,G5,11
864.27977,964.55929,100.28,G5,11
1144.28384,1237.31357,93.03,G5,11
1507.03149,1742.66946,235.638,G5,11
1871.33009,2022.93359,151.603,G5,11
2291.77431,2510.70472,218.93,G5,11
2608.57131,2808.13516,199.564,G5,11
3076.80686,3259.05858,182.252,G5,11
3365.50351,3593.06082,227.557,G5,11
3862.12709,3991.06813,128.941,G5,11
4138.76334,4266.32889,127.566,G5,11
4269.50593,4377.65612,108.15,G5,11
4648.08918,4715.97345,67.884,G5,11
4918.82464,5012.08613,93.261,G5,11
5076.07547,5161.73617,85.661,G5,11
5701.49313,5787.1394,85.646,G5,11
5855.41849,5944.88035,89.462,G5,11
6167.53282,6213.85827,46.325,G5,11
6485.3316,6577.09505,91.763,G5,11
6618.71133,6726.05087,107.34,G5,11
6890.84401,7000.44946,109.605,G5,11
7269.78318,7502.30439,232.521,G5,11
7619.83457,7785.89767,166.063,G5,11
8054.60462,8265.73571,211.131,G5,11
8361.70103,8571.01207,209.311,G5,11
32.87091,119.52228,86.651,G5,12
396.79666,405.6555,8.859,G5,12
659.39647,745.82412,86.428,G5,12
815.42086,902.95545,87.535,G5,12
1141.0063,1169.90849,28.902,G5,12
1443.03279,1531.32931,88.297,G5,12
1583.7347,1684.76144,101.027,G5,12
1862.58435,1957.71089,95.127,G5,12
2227.37411,2462.66644,235.292,G5,12
2589.8498,2743.3059,153.456,G5,12
3012.12716,3230.17241,218.045,G5,12
3327.62331,3528.49603,200.873,G5,12
3797.16761,3977.81784,180.65,G5,12
4085.26574,4313.41117,228.145,G5,12
4582.49802,4709.47078,126.973,G5,12
4858.8827,4980.75071,121.868,G5,12
4995.13205,5097.99191,102.86,G5,12
5368.5,5434.21965,65.72,G5,12
5639.07497,5731.87431,92.799,G5,12
5796.45803,5882.04827,85.59,G5,12
6421.79775,6507.38497,85.587,G5,12
6575.35603,6665.14702,89.791,G5,12
6885.69025,6934.34596,48.656,G5,12
7205.66261,7298.12979,92.467,G5,12
7337.76315,7446.21524,108.452,G5,12
7609.19005,7720.83567,111.646,G5,12
7990.1288,8222.19899,232.07,G5,12
8338.45845,8506.26601,167.808,G5,12
0,55.62798,55.628,G5,13
325.67946,406.39416,80.715,G5,13
597.3821,693.79992,96.418,G5,13
753.38998,839.84153,86.452,G5,13
1379.69195,1465.96928,86.277,G5,13
1535.46574,1623.23631,87.771,G5,13
1858.98874,1890.56169,31.573,G5,13
2163.35916,2252.03037,88.671,G5,13
2303.15335,2404.9594,101.806,G5,13
2580.89027,2678.10649,97.216,G5,13
2947.71706,3182.65196,234.935,G5,13
3308.38107,3463.67768,155.297,G5,13
3732.48038,3949.6151,217.135,G5,13
4046.7002,4248.8566,202.156,G5,13
4517.52852,4696.55892,179.03,G5,13
4805.04656,5033.76097,228.714,G5,13
5302.86939,5427.86652,124.997,G5,13
5579.00898,5697.97493,118.966,G5,13
5717.96162,5818.3272,100.366,G5,13
6088.91409,6152.46054,63.546,G5,13
6359.32798,6451.68182,92.354,G5,13
6516.8234,6602.35934,85.536,G5,13
7142.10354,7227.6453,85.542,G5,13
7295.27713,7385.41135,90.134,G5,13
7603.86046,7654.82261,50.962,G5,13
7925.99423,8019.24108,93.247,G5,13
8056.7332,8166.37429,109.641,G5,13
8327.54237,8441.22064,113.678,G5,13
260.27865,398.94482,138.666,G5,14
538.27693,775.96747,237.691,G5,14
1046.07563,1124.669,78.593,G5,14
1317.61509,1413.45762,95.843,G5,14
1473.88731,1560.15981,86.272,G5,14
2099.98883,2186.12863,86.14,G5,14
2255.49597,2343.51529,88.019,G5,14
2577.01313,2611.17416,34.161,G5,14
2883.68623,2972.7661,89.08,G5,14
3022.53298,3125.15295,102.62,G5,14
3299.20163,3398.50041,99.299,G5,14
3668.06052,3902.62581,234.565,G5,14
4026.92433,4184.04888,157.125,G5,14
4452.83377,4669.03269,216.199,G5,14
4765.80249,4969.2168,203.414,G5,14
5237.88974,5415.28211,177.392,G5,14
5524.84519,5754.11041,229.265,G5,14
6023.24115,6146.25574,123.015,G5,14
6299.14168,6415.87356,116.732,G5,14
6440.12268,6538.66173,98.539,G5,14
6809.33196,6870.69575,61.364,G5,14
7079.58339,7171.5081,91.925,G5,14
7237.17202,7322.66913,85.497,G5,14
7862.41049,7947.92057,85.51,G5,14
8015.18173,8105.67344,90.492,G5,14
8322.04192,8375.28964,53.248,G5,14
195.3661,383.82724,188.461,G5,15
486.64957,711.6554,225.006,G5,15
980.64759,1117.38506,136.737,G5,15
1258.35849,1496.30638,237.948,G5,15
1766.47368,1842.93922,76.466,G5,15
2037.85104,2133.13916,95.288,G5,15
2194.36375,2280.47712,86.113,G5,15
2820.28708,2906.30217,86.015,G5,15
2975.51106,3063.79235,88.281,G5,15
3295.07087,3331.75455,36.684,G5,15
3604.01399,3693.53948,89.525,G5,15
3741.87043,3845.34214,103.472,G5,15
4017.51872,4118.89299,101.374,G5,15
4388.4043,4622.58753,234.183,G5,15
4745.47997,4904.41961,158.94,G5,15
5173.18753,5388.42493,215.237,G5,15
5484.9304,5689.57668,204.646,G5,15
5958.25109,6133.98802,175.737,G5,15
6244.66132,6474.45941,229.798,G5,15
6743.61337,6864.6385,121.025,G5,15
7019.28081,7134.13401,114.853,G5,15
7161.92766,7258.99566,97.068,G5,15
7529.75401,7588.92521,59.171,G5,15
7799.84132,7891.35266,91.511,G5,15
7957.50429,8042.9779,85.474,G5,15
8582.71856,8640,57.281,G5,15
130.71711,352.15537,221.438,G5,16
451.56264,647.05003,195.487,G5,16
915.72596,1102.6652,186.939,G5,16
1206.33268,1432.0074,225.675,G5,16
1701.01683,1835.81732,134.8,G5,16
1978.44822,2216.6447,238.196,G5,16
2486.87386,2561.20484,74.331,G5,16
2758.09012,2852.84366,94.754,G5,16
2914.82009,3000.79343,85.973,G5,16
3540.58667,3626.48996,85.903,G5,16
3695.5111,3784.06744,88.556,G5,16
4013.15564,4052.30906,39.153,G5,16
4324.34244,4414.35425,90.012,G5,16
4461.16203,4565.52657,104.365,G5,16
4735.84136,4839.28399,103.443,G5,16
5108.74847,5342.53669,233.788,G5,16
5464.04837,5624.7899,160.742,G5,16
5893.54146,6107.79145,214.25,G5,16
6204.084,6409.93606,205.852,G5,16
6678.61278,6852.67718,174.064,G5,16
6964.49436,7194.80797,230.314,G5,16
7463.9862,7583.01515,119.029,G5,16
7739.42605,7852.63218,113.206,G5,16
7883.50049,7979.32899,95.829,G5,16
8250.18056,8307.14821,56.968,G5,16
8520.10165,8611.21503,91.113,G5,16
66.34755,302.64327,236.296,G5,17
434.32384,582.18733,147.863,G5,17
851.06924,1071.6958,220.627,G5,17
1170.54136,1367.41209,196.871,G5,17
1636.08604,1821.48272,185.397,G5,17
1926.03638,2152.35893,226.323,G5,17
2421.38652,2554.24171,132.855,G5,17
2698.54586,2936.98242,238.437,G5,17
3207.27628,3279.46584,72.19,G5,17
3478.33215,3572.57012,94.238,G5,17
3635.25707,3721.10872,85.852,G5,17
4260.88756,4346.69205,85.804,G5,17
4415.49583,4504.34051,88.845,G5,17
4731.2631,4772.84225,41.579,G5,17
5044.67154,5135.21467,90.543,G5,17
5180.40317,5285.70636,105.303,G5,17
5454.16971,5559.67378,105.504,G5,17
5829.09294,6062.47279,233.38,G5,17
6182.62998,6345.1596,162.53,G5,17
6613.89564,6827.13217,213.237,G5,17
6923.26361,7130.29517,207.032,G5,17
7398.97465,7571.35012,172.375,G5,17
7684.34377,7915.15609,230.812,G5,17
8184.35938,8301.38582,117.026,G5,17
8459.5772,8571.30339,111.726,G5,17
8604.90586,8640,35.094,G5,17
2.38218,90.02117,87.639,G5,18
144.7909,244.35306,99.562,G5,18
425.9889,516.9144,90.925,G5,18
786.68938,1022.6617,235.972,G5,18
1152.82158,1302.5608,149.739,G5,18
1571.42164,1791.21243,219.791,G5,18
1889.54421,2087.77383,198.23,G5,18
2356.44633,2540.28029,183.834,G5,18
2645.76022,2872.71014,226.95,G5,18
3141.75659,3272.65853,130.902,G5,18
3418.65095,3657.31954,238.669,G5,18
3927.68131,3997.72213,70.041,G5,18
4198.577,4292.31785,93.741,G5,18
4355.67542,4441.42297,85.748,G5,18
4981.18973,5066.90844,85.719,G5,18
5135.46504,5224.6115,89.146,G5,18
5449.38978,5493.35776,43.968,G5,18
5765.00129,5856.12612,91.125,G5,18
5899.58851,6005.88117,106.293,G5,18
6172.50392,6280.06227,107.558,G5,18
6549.4379,6782.39561,232.958,G5,18
6901.22529,7065.52889,164.304,G5,18
7334.25001,7546.44697,212.197,G5,18
7642.46925,7850.65377,208.185,G5,18
8119.33674,8290.00722,170.67,G5,18
8404.20904,8635.50377,231.295,G5,18
305.07053,394.75479,89.684,G5,21
466.27035,559.30246,93.032,G5,21
1091.74013,1185.79485,94.055,G5,21
1232.49888,1345.36322,112.864,G5,21
1515.29851,1587.73255,72.434,G5,21
1878.82455,2130.31374,251.489,G5,21
2222.50765,2384.35239,161.845,G5,21
2666.5624,2906.9319,240.369,G5,21
2944.26631,3174.10282,229.837,G5,21
3455.66146,3638.11909,182.458,G5,21
3711.84508,3962.10381,250.259,G5,21
4249.044,4349.17201,100.128,G5,21
4496.04623,4621.66729,125.621,G5,21
4647.40387,4749.33394,101.93,G5,21
5281.92843,5378.32726,96.399,G5,21
5447.01993,5536.11391,89.094,G5,21
6068.33728,6157.40352,89.066,G5,21
6226.11847,6322.52775,96.409,G5,21
6855.1175,6957.07676,101.959,G5,21
6982.88813,7108.42475,125.537,G5,21
7255.23923,7355.38459,100.145,G5,21
7642.3526,7892.67039,250.318,G5,21
7966.23788,8148.77178,182.534,G5,21
8430.36476,8640,209.635,G5,21
239.17662,339.52191,100.345,G5,22
403.77614,493.21299,89.437,G5,22
1025.47711,1115.02822,89.551,G5,22
1186.31306,1279.70699,93.394,G5,22
1812.16038,1906.84937,94.689,G5,22
1951.6727,2065.7493,114.077,G5,22
2232.63885,2308.83953,76.201,G5,22
2599.26264,2850.63033,251.368,G5,22
2940.43798,3104.92157,164.484,G5,22
3387.03188,3626.40699,239.375,G5,22
3663.09898,3894.5801,231.481,G5,22
4176.20479,4356.14328,179.938,G5,22
4432.08979,4682.54624,250.456,G5,22
4969.89641,5066.7818,96.885,G5,22
5216.41424,5339.88728,123.473,G5,22
5369.35989,5469.75873,100.399,G5,22
6002.32433,6098.24038,95.916,G5,22
6167.40971,6256.52702,89.117,G5,22
6788.74785,6877.8115,89.064,G5,22
6946.01572,7042.92911,96.913,G5,22
7575.54219,7679.41341,103.871,G5,22
7700.73352,7828.80243,128.069,G5,22
7972.87659,8076.19886,103.322,G5,22
8362.79749,8612.92955,250.132,G5,22
0,43.02902,43.029,G5,23
173.87698,426.77575,252.899,G5,23
959.56753,1059.28378,99.716,G5,23
1124.29838,1213.6284,89.33,G5,23
1745.8842,1835.31776,89.434,G5,23
1906.33877,2000.11115,93.772,G5,23
2532.58116,2627.9712,95.39,G5,23
2670.77406,2786.13463,115.361,G5,23
2950.03425,3029.89203,79.858,G5,23
3319.70147,3570.9416,251.24,G5,23
3658.37801,3825.48557,167.108,G5,23
4107.50293,4345.80026,238.297,G5,23
4382.01359,4615.05565,233.042,G5,23
4896.75241,5074.15383,177.401,G5,23
5152.34457,5402.988,250.643,G5,23
5690.77639,5784.3629,93.587,G5,23
5936.78395,6058.35934,121.575,G5,23
6091.07044,6190.18311,99.113,G5,23
6722.72091,6818.17279,95.452,G5,23
6887.78233,6976.93982,89.157,G5,23
7509.15892,7598.23762,89.079,G5,23
7665.89283,7763.33004,97.437,G5,23
8295.96738,8402.44958,106.482,G5,23
8417.8727,8549.17881,131.306,G5,23
0,47.7634,47.763,G5,24
110.80975,359.87944,249.07,G5,24
645.11569,760.76889,115.653,G5,24
894.23332,1147.20323,252.97,G5,24
1679.9592,1779.06939,99.11,G5,24
1844.8,1934.04341,89.243,G5,24
2466.2918,2555.62361,89.332,G5,24
2626.3472,2720.51493,94.168,G5,24
3253.0025,3349.17059,96.168,G5,24
3389.7924,3506.51885,116.726,G5,24
3667.47742,3750.89722,83.42,G5,24
4040.14115,4291.24722,251.106,G5,24
4376.3281,4546.0445,169.716,G5,24
4827.97566,5065.1084,237.133,G5,24
5101.01334,5335.52963,234.516,G5,24
5617.3045,5792.15145,174.847,G5,24
5872.6088,6123.42911,250.82,G5,24
6411.68685,6501.91218,90.225,G5,24
6657.15525,6777.01538,119.86,G5,24
6812.60335,6910.60703,98.004,G5,24
7443.11813,7538.12406,95.006,G5,24
7608.13803,7697.35229,89.214,G5,24
8229.57048,8318.6823,89.112,G5,24
8385.74924,8483.73053,97.981,G5,24
0,28.30422,28.304,G5,25
69.6658,292.17622,222.51,G5,25
573.52767,765.86924,192.342,G5,25
830.98764,1080.32588,249.338,G5,25
1365.86308,1478.49077,112.628,G5,25
1614.59194,1867.63026,253.038,G5,25
2400.35154,2498.87791,98.526,G5,25
2565.28159,2654.45821,89.177,G5,25
3186.6999,3275.94587,89.246,G5,25
3346.33806,3440.91831,94.58,G5,25
3973.42443,4070.46134,97.037,G5,25
4108.71372,4226.90223,118.189,G5,25
4384.96254,4471.86069,86.898,G5,25
4760.58177,5011.54657,250.965,G5,25
5094.28834,5266.59876,172.31,G5,25
5548.44999,5784.32917,235.879,G5,25
5820.1004,6056.00204,235.902,G5,25
6337.86124,6510.13648,172.275,G5,25
6592.88142,6843.86941,250.988,G5,25
7132.63164,7219.42636,86.795,G5,25
7377.52799,7495.81437,118.286,G5,25
7533.99954,7631.0306,97.031,G5,25
8163.51604,8258.09379,94.578,G5,25
8328.47714,8417.76445,89.287,G5,25
68.77441,222.61026,153.836,G5,26
505.16302,748.06004,242.897,G5,26
788.21642,1012.66059,224.444,G5,26
1294.05552,1483.95664,189.901,G5,26
1551.18141,1800.77155,249.59,G5,26
2086.62799,2196.19357,109.566,G5,26
2334.95263,2472.40934,137.457,G5,26
2476.17443,2588.05687,111.882,G5,26
3120.74471,3218.70869,97.964,G5,26
3285.74391,3374.87262,89.129,G5,26
3907.1085,3996.28474,89.176,G5,26
4066.31099,4161.3213,95.01,G5,26
4693.84685,4791.86218,98.015,G5,26
4827.51929,4947.28454,119.765,G5,26
5102.48504,5192.7875,90.302,G5,26
5481.02316,5731.83915,250.816,G5,26
5812.25898,5987.14833,174.889,G5,26
6268.926,6503.46152,234.536,G5,26
6539.27569,6776.47294,237.197,G5,26
7058.42296,7228.10946,169.687,G5,26
7313.16207,7564.30897,251.147,G5,26
7853.61475,7936.90103,83.286,G5,26
8097.90208,8214.72923,116.827,G5,26
8255.28592,8351.45376,96.168,G5,26
80.82106,145.3162,64.495,G5,27
437.95073,689.66631,251.716,G5,27
786.67584,943.19698,156.521,G5,27
1225.62797,1467.75342,242.125,G5,27
1506.8299,1733.14315,226.313,G5,27
2014.58701,2202.02658,187.44,G5,27
2271.38976,2521.21641,249.827,G5,27
2807.41198,2913.87592,106.464,G5,27
3055.31531,3186.70242,131.387,G5,27
3202.0369,3308.483,106.446,G5,27
3841.13865,3938.56087,97.422,G5,27
4006.18743,4095.28671,89.099,G5,27
4627.5176,4716.64045,89.123,G5,27
4786.26565,4881.72389,95.458,G5,27
5414.26984,5513.40001,99.13,G5,27
5546.18206,5667.66567,121.484,G5,27
5820.04075,5913.68166,93.641,G5,27
6201.46539,6452.1245,250.659,G5,27
6530.24048,6707.69357,177.453,G5,27
6989.40378,7222.5057,233.102,G5,27
7258.53888,7496.94238,238.403,G5,27
7778.98978,7946.07073,167.081,G5,27
8033.44986,8284.7479,251.298,G5,27
8574.64126,8640,65.359,G5,27
371.32049,464.79951,93.479,G5,28
513.2608,624.97618,111.715,G5,28
798.02207,866.56184,68.54,G5,28
1158.38725,1409.99234,251.605,G5,28
1504.58692,1663.77754,159.191,G5,28
1946.09452,2187.37912,241.285,G5,28
2225.5115,2453.62387,228.112,G5,28
2735.12229,2920.08049,184.958,G5,28
2991.61135,3241.66046,250.049,G5,28
3528.2166,3631.53601,103.319,G5,28
3775.67984,3903.83,128.15,G5,28
3925.07173,4028.90862,103.837,G5,28
4561.53315,4658.43392,96.901,G5,28
4726.61263,4815.70047,89.088,G5,28
5347.92719,5437.01328,89.086,G5,28
5506.20162,5602.12607,95.924,G5,28
6134.69338,6235.11567,100.422,G5,28
6264.66103,6388.04581,123.385,G5,28
6537.62642,6634.54639,96.92,G5,28
6921.90856,7172.40183,250.493,G5,28
7248.23328,7428.23471,180.001,G5,28
7709.88338,7941.46317,231.58,G5,28
7977.88839,8217.41039,239.522,G5,28
8499.56201,8640,140.438,G5,28
10.06105,149.11782,139.057,G5,31
266.44733,405.59393,139.147,G5,31
834.91219,974.21394,139.302,G5,31
1091.68288,1230.34129,138.658,G5,31
1659.88425,1798.88989,139.006,G5,31
1916.85838,2054.98911,138.131,G5,31
2484.84936,2623.2638,138.414,G5,31
2741.67981,2879.67173,137.992,G5,31
3309.68499,3447.68921,138.004,G5,31
3566.14583,3704.49651,138.351,G5,31
4134.3746,4272.47893,138.104,G5,31
4390.53499,4529.45649,138.922,G5,31
4959.01928,5097.66119,138.642,G5,31
5215.18823,5354.43389,139.246,G5,31
5783.75617,5922.93956,139.183,G5,31
6040.2419,6179.29605,139.054,G5,31
6608.64931,6747.93198,139.283,G5,31
6865.50384,7004.00483,138.501,G5,31
7433.63612,7572.49784,138.862,G5,31
7690.60513,7828.64595,138.041,G5,31
8258.57641,8396.8426,138.266,G5,31
8515.31483,8640,124.685,G5,31
0,45.55763,45.558,G5,32
163.20785,302.41033,139.202,G5,32
731.77228,870.84635,139.074,G5,32
988.17037,1127.30736,139.137,G5,32
1556.6288,1695.93046,139.302,G5,32
1813.4108,1952.04966,138.639,G5,32
2381.60327,2520.5922,138.989,G5,32
2638.57824,2776.69605,138.118,G5,32
3206.56581,3344.96091,138.395,G5,32
3463.38574,3601.38206,137.996,G5,32
4031.39601,4169.39419,137.998,G5,32
4287.84293,4426.21223,138.369,G5,32
4856.08174,4994.19886,138.117,G5,32
5112.23549,5251.17546,138.94,G5,32
5680.72721,5819.39107,138.664,G5,32
5936.90173,6076.15106,139.249,G5,32
6505.46893,6644.66597,139.197,G5,32
6761.96776,6901.00795,139.04,G5,32
7330.36708,7469.64442,139.277,G5,32
7587.23083,7725.71227,138.481,G5,32
8155.35498,8294.19732,138.842,G5,32
8412.32139,8550.35332,138.032,G5,32
60.33779,199.14377,138.806,G5,33
628.77367,767.28604,138.512,G5,33
884.91786,1024.12831,139.21,G5,33
1453.4837,1592.5748,139.091,G5,33
1709.8939,1849.02061,139.127,G5,33
2278.34557,2417.64662,139.301,G5,33
2535.13862,2673.7579,138.619,G5,33
3103.32229,3242.29409,138.972,G5,33
3360.29773,3498.40295,138.105,G5,33
3928.28211,4066.65804,138.376,G5,33
4185.09115,4323.09258,138.001,G5,33
4753.10685,4891.09951,137.993,G5,33
5009.53999,5147.92829,138.388,G5,33
5577.78883,5715.91912,138.13,G5,33
5833.93638,5972.89445,138.958,G5,33
6402.43524,6541.121,138.686,G5,33
6658.61575,6797.86809,139.252,G5,33
7227.18187,7366.39197,139.21,G5,33
7483.69381,7622.71965,139.026,G5,33
8052.08498,8191.35627,139.271,G5,33
8308.95769,8447.41962,138.462,G5,33
0,95.92022,95.92,G5,34
525.83769,663.88736,138.05,G5,34
782.03677,920.8624,138.826,G5,34
1350.48107,1489.01462,138.534,G5,34
1606.62837,1745.84618,139.218,G5,34
2175.1953,2314.30287,139.108,G5,34
2431.61772,2570.73366,139.116,G5,34
3000.06249,3139.3621,139.3,G5,34
3256.86649,3395.46601,138.6,G5,34
3825.04131,3963.99552,138.954,G5,34
4082.01684,4220.10997,138.093,G5,34
4649.99825,4788.35524,138.357,G5,34
4906.79617,5044.80321,138.007,G5,34
5474.81751,5612.80542,137.988,G5,34
5731.23698,5869.64436,138.407,G5,34
6299.49585,6437.64004,138.144,G5,34
6555.63744,6694.61347,138.976,G5,34
7124.14338,7262.8512,138.708,G5,34
7380.33016,7519.58498,139.255,G5,34
7948.89501,8088.11767,139.223,G5,34
8205.42007,8344.43116,139.011,G5,34
422.83906,560.8737,138.035,G5,35
679.35563,817.63503,138.279,G5,35
1247.54524,1385.60472,138.059,G5,35
1503.73591,1642.5811,138.845,G5,35
2072.18854,2210.74359,138.555,G5,35
2328.33928,2467.56396,139.225,G5,35
2896.90709,3036.03074,139.124,G5,35
3153.34184,3292.44653,139.105,G5,35
3721.77957,3861.07717,139.298,G5,35
3978.59413,4117.17401,138.58,G5,35
4546.76031,4685.69673,138.936,G5,35
4803.73537,4941.81712,138.082,G5,35
5371.71422,5510.05252,138.338,G5,35
5628.50075,5766.51401,138.013,G5,35
6196.52798,6334.51167,137.984,G5,35
6452.93386,6591.36076,138.427,G5,35
7021.20282,7159.36137,138.159,G5,35
7277.33892,7416.33251,138.994,G5,35
7845.85163,7984.58139,138.73,G5,35
8102.04522,8241.30173,139.257,G5,35
319.69915,458.17272,138.474,G5,36
576.5593,714.54181,137.983,G5,36
1144.55081,1282.57693,138.026,G5,36
1401.05342,1539.35018,138.297,G5,36
1969.2527,2107.32252,138.07,G5,36
2225.43529,2364.29987,138.865,G5,36
2793.89609,2932.47265,138.577,G5,36
3050.05083,3189.28162,139.231,G5,36
3618.61907,3757.75836,139.139,G5,36
3875.06637,4014.1592,139.093,G5,36
4443.49679,4582.79168,139.295,G5,36
4700.32177,4838.88188,138.56,G5,36
5268.47931,5407.39744,138.918,G5,36
5525.45359,5663.52416,138.071,G5,36
6093.43003,6231.74983,138.32,G5,36
6350.20497,6488.2251,138.02,G5,36
6918.23827,7056.21842,137.98,G5,36
7174.63069,7313.07724,138.447,G5,36
7742.90973,7881.08312,138.173,G5,36
7999.04076,8138.05157,139.011,G5,36
8567.56001,8640,72.44,G5,36
216.44626,355.48417,139.038,G5,37
473.41733,611.57522,138.158,G5,37
1041.41602,1179.86969,138.454,G5,37
1298.26663,1436.25168,137.985,G5,37
1866.26239,2004.28061,138.018,G5,37
2122.75098,2261.06536,138.314,G5,37
2690.96008,2829.04079,138.081,G5,37
2947.1349,3086.01869,138.884,G5,37
3515.60373,3654.20196,138.598,G5,37
3771.76274,3910.99917,139.236,G5,37
4340.33125,4479.48574,139.154,G5,37
4596.79125,4735.87168,139.08,G5,37
5165.21416,5304.5057,139.292,G5,37
5422.04922,5560.58964,138.54,G5,37
5990.19828,6129.0979,138.9,G5,37
6247.17122,6385.23133,138.06,G5,37
6815.14566,6953.44731,138.302,G5,37
7071.90868,7209.93622,138.028,G5,37
7639.94838,7777.92571,137.977,G5,37
7896.32735,8034.79388,138.467,G5,37
8464.6166,8602.80541,138.189,G5,37
113.19575,252.49674,139.301,G5,38
369.9549,508.63279,138.678,G5,38
938.16525,1077.1872,139.022,G5,38
1195.13803,1333.28211,138.144,G5,38
1763.13277,1901.56681,138.434,G5,38
2019.97341,2157.96165,137.988,G5,38
2587.97378,2725.98475,138.011,G5,38
2844.44845,2982.78081,138.332,G5,38
3412.66738,3550.75963,138.092,G5,38
3668.83483,3807.73757,138.903,G5,38
4237.31146,4375.93146,138.62,G5,38
4493.47529,4632.71659,139.241,G5,38
5062.04361,5201.21281,139.169,G5,38
5318.51646,5457.58396,139.068,G5,38
5886.93167,6026.21914,139.287,G5,38
6143.77664,6282.29729,138.521,G5,38
6711.91722,6850.79802,138.881,G5,38
6968.88845,7106.93864,138.05,G5,38
7536.86112,7675.14489,138.284,G5,38
7793.61192,7931.64763,138.036,G5,38
8361.65831,8499.63339,137.975,G5,38
8618.02411,8640,21.976,G5,38
